project,matches
Kubernetes/minikube,3241
github/policy-controller,1631
hashicorp/terraform-provider-aws,1053
microsoft/Qcodes,848
github/codeql-action,845
Kubernetes/release,711
spring-projects/spring-aot-smoke-tests,679
microsoft/mfcmapi,551
mozilla/neqo,546
dotnet/docs,513
pytorch/test-infra,512
apache/commons-net,477
apache/commons-daemon,468
apache/commons-validator,454
hashicorp/vault,445
alibaba/GraphScope,436
apache/commons-exec,434
nodejs/nodejs.org,432
apache/commons-email,431
apache/commons-csv,423
nodejs/node-addon-api,419
dotnet/docs-aspire,418
apache/commons-jcs,416
apache/commons-jexl,416
microsoft/TypeScript,400
apache/commons-imaging,396
aws/karpenter-provider-aws,393
apache/commons-jxpath,389
apache/commons-compress,385
apache/commons-fileupload,380
apache/commons-lang,376
microsoft/MHA,371
apache/commons-cli,367
hashicorp/terraform-cdk,366
apache/commons-vfs,366
apache/commons-codec,365
apache/commons-io,363
apache/commons-dbutils,362
alibaba/loongsuite-java-agent,362
apache/commons-logging,359
apache/commons-bsf,357
apache/commons-dbcp,356
apache/commons-pool,352
apache/commons-digester,341
apache/commons-bcel,335
apache/shiro,330
apache/commons-collections,324
aws/aws-cdk,322
apache/commons-jci,320
github/codeql,319
apache/commons-beanutils,318
Tencent/ncnn,313
huggingface/transformers,309
apache/commons-configuration,302
hashicorp/consul,300
elastic/apm-server,300
apache/lucenenet,277
nodejs/security-wg,271
aws/s2n-quic,269
hashicorp/terraform-provider-azurerm,265
apple/servicetalk,257
apache/cxf,252
hashicorp/terraform-provider-awscc,251
hashicorp/boundary,249
flutter/news_toolkit,249
pytorch/executorch,243
NVIDIA/cuda-quantum,241
hashicorp/terraform-provider-tfe,239
elastic/cloudbeat,239
huggingface/dataset-viewer,224
facebook/zstd,224
flutter/website,215
JetBrains/intellij-platform-gradle-plugin,215
hashicorp/cdktf-aws-cdk,211
microsoft/azure-devops-extension-tasks,210
Kubernetes/dashboard,208
aws/c3r,207
hashicorp/nomad,207
aws/eventbridge-kafka-connector,207
GoogleCloudPlatform/pgadapter,206
github/stale-repos,205
dotnet/dotnet-monitor,205
nodejs/undici,198
github/explore,196
github/evergreen,195
apache/avro,194
aws/jsii,190
GoogleCloudPlatform/cloud-learning-platform,187
pytorch/ignite,186
github/contributors,185
microsoft/MAPIStubLibrary,184
github/issue-metrics,183
huggingface/diffusers,178
github/cleanowners,178
google/guava,174
aws/constructs,172
tensorflow/io,171
mozilla/blurts-server,166
apache/camel,164
twbs/bootstrap,164
google/mtail,162
GoogleCloudPlatform/nodejs-docs-samples,162
hashicorp/terraform-cdk-action,154
NVIDIA/JAX-Toolbox,153
nodejs/docker-node,153
nodejs/doc-kit,147
Kubernetes/kops,145
flutter/io_flip,144
pytorch/botorch,144
elastic/apm-agent-python,144
aws/aws-database-encryption-sdk-dynamodb,143
nodejs/amaro,143
freeCodeCamp/freeCodeCamp,141
huggingface/optimum-intel,140
hashicorp/terraform-ls,139
apache/grails-core,138
github/opensource.guide,138
JetBrains/intellij-platform-plugin-template,137
elastic/beats,136
elastic/apm-agent-dotnet,136
microsoft/LightGBM,135
hashicorp/terraform-plugin-go,133
nrwl/nx,132
GoogleCloudPlatform/DataflowTemplates,132
elastic/apm-agent-nodejs,131
spring-projects/spring-boot,131
elastic/apm-agent-java,131
GoogleCloudPlatform/gke-policy-library,130
hashicorp/packer,128
apache/commons-ognl,128
GoogleCloudPlatform/functions-framework-dotnet,125
JetBrains/intellij-plugin-verifier,125
JetBrains/intellij-ui-test-robot,124
facebookresearch/xformers,122
nodejs/release-cloudflare-worker,121
elastic/apm-aws-lambda,120
hashicorp/terraform-plugin-sdk,119
github/vscode-codeql,118
rust-lang/rust-analyzer,118
flutter/platform_tests,115
elastic/elastic-agent,114
PaddlePaddle/Paddle,114
hashicorp/terraform-plugin-framework,114
aws/aws-cryptographic-material-providers-library,114
hashicorp/terraform-plugin-log,113
github/codeql-coding-standards,112
NVIDIA/cuda-python,111
apache/struts,111
aws/s2n-tls,110
hashicorp/hc-install,110
pytorch/rl,108
twitter/dodo,107
hashicorp/terraform-provider-azuread,106
pytorch/FBGEMM,106
hashicorp/terraform-plugin-mux,105
nodejs/llhttp,105
elastic/detection-rules,105
apache/directory-server,105
microsoft/ApplicationInsights-dotnet,104
pytorch/torchchat,104
apache/cxf-fediz,104
hashicorp/pandora,103
elastic/elastic-otel-java,103
elastic/docs-builder,103
apache/druid,102
apache/libcloud,102
huggingface/accelerate,102
Netflix/dgs-framework,102
hashicorp/terraform-plugin-framework-validators,101
GoogleCloudPlatform/cloud-foundation-toolkit,101
microsoft/ApplicationInsights-Java,101
dotnet/aspire,101
elastic/apm-agent-php,100
mozilla/fx-private-relay,99
redis/redis,99
huggingface/tokenizers,98
GoogleCloudPlatform/spring-cloud-gcp,96
hashicorp/ghaction-terraform-provider-release,96
dotnet/aspnetcore,96
GoogleCloudPlatform/functions-framework-dart,95
microsoft/DirectXMesh,95
hashicorp/terraform-plugin-testing,93
hashicorp/terraform-plugin-framework-timeouts,93
dotnet/csharpstandard,92
github/entitlements-github-plugin,92
elastic/elastic-otel-node,92
google/or-tools,91
google/gson,91
JetBrains/gradle-changelog-plugin,90
github/redacting-logger,90
hashicorp/terraform-provider-null,90
hashicorp/vscode-terraform,89
Laravel/framework,88
NVIDIA/cccl,88
huggingface/huggingface_hub,88
aws/amazon-cloudwatch-agent,87
GoogleCloudPlatform/contact-center-ai-samples,86
alibaba/loongcollector,86
huggingface/doc-builder,85
google/nsscache,85
spring-projects/spring-security,85
EbookFoundation/free-programming-books,84
aws/aws-lc-rs,84
huggingface/text-generation-inference,84
hashicorp/terraform-provider-dns,83
microsoft/DirectXTex,82
microsoft/DirectXMath,82
hashicorp/terraform-provider-external,82
elastic/apm-agent-rum-js,82
redis/RedisInsight,81
pytorch/data,81
google/re2,80
mozilla/rhino,80
dotnet/dotnet-console-games,80
freeCodeCamp/mobile,80
facebookresearch/fairchem,79
aws/aws-sam-cli,79
spring-projects/spring-integration,79
apache/causeway,79
pytorch/tensordict,79
Netflix/dgs-codegen,78
GoogleCloudPlatform/magic-modules,78
apache/commons-jelly,78
vuejs/ecosystem-ci,77
google/go-github,77
Kubernetes/kube-state-metrics,77
freeCodeCamp/news,77
elastic/harp,77
microsoft/UVAtlas,77
aws/aws-encryption-sdk,77
JetBrains/gradle-grammar-kit-plugin,77
huggingface/peft,76
google/benchmark,76
aws/jsii-rosetta,76
redis/go-redis,76
github/safe-settings,76
google/googleapis.dart,76
microsoft/fluentui,75
Azure/azure-container-networking,75
hashicorp/terraform-provider-tls,75
hashicorp/terraform-provider-cloudinit,75
github/rubocop-github,74
mozilla/fxa,74
pytorch/TensorRT,74
hashicorp/dev-portal,74
tensorflow/tflite-micro,73
aws/amazon-vpc-cni-k8s,73
aws/aws-dotnet-deploy,73
pytorch/ao,73
apache/kafka,73
elastic/elastic-otel-dotnet,72
github/dependabot-action,72
spring-projects/spring-tools,72
hashicorp/terraform-plugin-docs,72
facebookresearch/momentum,72
github/entitlements-gitrepo-auditor-plugin,72
microsoft/DirectXTK12,72
hashicorp/nomad-pack,71
spring-projects/spring-kafka,71
aws/jsii-compiler,71
apache/aries,71
spring-projects/spring-amqp,71
nodejs/node-addon-examples,70
google/blockly,70
github/ospo-reusable-workflows,70
microsoft/DirectXTK,70
hashicorp/terraform-provider-random,69
huggingface/optimum-habana,69
huggingface/optimum,69
JetBrains/intellij-sdk-docs,69
tensorflow/tensorboard,69
elastic/opbeans-node,69
hashicorp/terraform-provider-http,69
fossasia/eventyay-talk,69
facebookresearch/fairseq2,68
aws/amazon-documentdb-odbc-driver,68
hashicorp/terraform-provider-archive,67
huggingface/huggingface.js,67
hashicorp/terraform-exec,67
Tencent/puerts,67
hashicorp/terraform-provider-local,67
shadowsocks/shadowsocks-rust,67
freeCodeCamp/infra,67
hashicorp/vault-workflows-common,66
elastic/oblt-actions,66
huggingface/safetensors,65
apache/dubbo,65
GoogleCloudPlatform/federated-learning,65
Tencent/TencentKona-17,64
mozilla/sccache,64
dotnet/docfx,64
Tencent/Hippy,64
hashicorp/hcp-terraform-operator,64
apache/commons-weaver,64
hashicorp/terraform-provider-time,64
github/artifact-attestations-workflows,64
GoogleCloudPlatform/cloud-foundation-fabric,63
aws/eks-anywhere,63
Netflix/zuul,63
hashicorp/terraform-provider-kubernetes,62
TheAlgorithms/Python,62
pytorch/torchx,62
elastic/apm-agent-android,62
aws/aws-sdk-pandas,62
hashicorp/terraform-provider-azurestack,62
huggingface/optimum-neuron,62
elastic/fleet-server,62
google/mozc,62
hashicorp/terraform-provider-boundary,61
dotnet/macios,61
huggingface/optimum-tpu,61
hashicorp/vagrant-installers,61
PaddlePaddle/FastDeploy,61
aws/aws-pdk,61
mozilla/addons-server,60
alibaba/yalantinglibs,60
Kubernetes/node-problem-detector,60
google/libnss-cache,60
hashicorp/design-system,60
google/flatbuffers,60
github/stack-graphs,60
redis/redis-py,59
GoogleCloudPlatform/alloydb-auth-proxy,59
dotnet/samples,59
huggingface/datasets,59
apache/logging-log4j2,59
google/double-conversion,59
hashicorp/vagrant,59
google/jimfs,58
aws-samples/aws-cdk-examples,58
hashicorp/terraform-provider-helm,58
Tencent/tdesign-vue-next,58
facebook/watchman,58
hashicorp/consul-k8s,57
hashicorp/boundary-ui,57
rust-lang/crates.io,57
hashicorp/terraform-provider-scaffolding-framework,56
bytedance/g3,56
google/truth,56
elastic/terranova,56
huggingface/optimum-benchmark,55
apple/swift-nio,55
github/gh-gei,55
elastic/ecs-logging-java,55
dotnet/dev-proxy,55
aws/aws-sdk-ruby,55
elastic/opbeans-java,54
google/auto,54
elastic/opbeans-go,54
GoogleCloudPlatform/mqtt-cloud-pubsub-connector,54
aws/aws-sdk-kotlin,54
github/branch-deploy,53
huggingface/api-inference-community,53
GoogleCloudPlatform/cloud-sql-proxy,53
microsoft/vscode,53
hashicorp/vault-helm,53
aws/aws-lc,53
Kubernetes/publishing-bot,53
google/yapf,53
hashicorp/actions-go-build,53
aws/aws-mysql-odbc,53
facebook/proxygen,53
elastic/opbeans-python,53
elastic/elastic-otel-python,52
github/artifact-attestations-helm-charts,52
vercel/hyper,52
hashicorp/go-azure-sdk,52
aws/aws-advanced-jdbc-wrapper,51
elastic/ecs-logging-python,51
GoogleCloudPlatform/core-solution-services,51
hashicorp/terraform-plugin-framework-nettypes,51
aws/aws-toolkit-vscode,51
Azure/homebrew-draft,51
elastic/ecs-dotnet,51
tensorflow/addons,51
NVIDIA/aistore,51
hashicorp/terraform-plugin-framework-timetypes,51
hashicorp/terraform-plugin-framework-jsontypes,51
pytorch/vision,51
vercel/vercel,51
aws/aws-cdk-cli,50
microsoft/vscode-cpptools,50
spring-projects/spring-pulsar,50
NVIDIA/spark-rapids,50
hashicorp/terraform-google-terraform-enterprise,50
Tencent/TencentKona-21,49
redis/redis-om-python,49
hashicorp/terraform,49
hashicorp/consul-template,49
mozilla/pdf.js,49
JetBrains/ideavim,49
JetBrains/idea-gitignore,48
microsoft/SynapseML,48
elastic/elasticsearch-net,48
rust-lang/cc-rs,48
pytorch/torchrec,48
GoogleCloudPlatform/functions-framework-go,48
microsoft/hcsshim,48
elastic/elasticsearch-specification,47
openai/codex,47
GoogleCloudPlatform/database-assessment,47
hashicorp/terraform-aws-terraform-enterprise,47
hashicorp/consul-dataplane,47
elastic/opbeans-ruby,46
elastic/opbeans-frontend,46
rust-lang/docs.rs,46
aws/amazon-chime-sdk-js,46
spring-projects/spring-ai,46
dotnet/Open-XML-SDK,45
microsoft/DXUT,45
github/erblint-github,45
nrwl/nx-ecosystem-ci,45
microsoft/FX11,45
GoogleCloudPlatform/functions-framework-ruby,44
github/jekyll-commonmark-ghpages,44
elastic/stream,44
google/compile-testing,44
google/brotli,44
hashicorp/enos,44
Tencent/TencentKona-11,44
hashicorp/terraform-provider-hcp,44
aws-samples/eks-workshop-v2,43
Tencent/setup-tencent-kona,43
JetBrains/qodana-action,43
hashicorp/terraform-plugin-codegen-framework,43
spring-projects/spring-shell,43
square/anvil,43
facebook/folly,42
nodejs/TSC,42
hashicorp/js-releases,42
alibaba/nacos,42
square/workflow-kotlin,42
microsoft/XmlNotepad,42
JetBrains/aspire-plugin,42
elastic/elastic-package,41
Netflix/metaflow,41
hashicorp/consul-terraform-sync,41
GoogleCloudPlatform/functions-framework-python,41
apache/manifoldcf,41
elastic/elastic-otel-php,41
spring-projects/spring-modulith,41
apache/bookkeeper,41
Tencent/cherry-markdown,41
elastic/apm-agent-ruby,41
google/closure-compiler,41
apple/swift-protobuf,41
elastic/opbeans-loadgen,41
facebook/wangle,41
aws/aperf,41
aws-samples/serverless-dotnet-demo,41
GoogleCloudPlatform/cloud-sql-python-connector,40
aws/aws-iot-device-sdk-cpp-v2,40
pytorch/xla,40
hashicorp/web-unified-docs,40
facebook/fbthrift,40
microsoft/OpenAPI.NET,40
apache/creadur-whisker,40
twbs/icons,40
aws/aws-encryption-sdk-python,39
microsoft/TypeScript-DOM-lib-generator,39
apache/creadur-rat,39
GoogleCloudPlatform/fda-mystudies,39
aws-samples/cdk-bootstrapless-synthesizer,39
apache/storm,39
huggingface/optimum-onnx,39
GoogleCloudPlatform/cloud-sql-jdbc-socket-factory,39
GoogleCloudPlatform/cloud-sql-go-connector,39
elastic/workflows,39
Azure/azure-resource-manager-schemas,39
hashicorp/vault-secrets-operator,39
NVIDIA/k8s-device-plugin,39
mozilla/klaatu,38
nodejs/node-gyp,38
elastic/opbeans-dotnet,38
rust-lang/rust-bindgen,38
rust-lang/cargo,38
dotnet/dotnet-operator-sdk,38
huggingface/optimum-graphcore,38
huggingface/trl,38
hashicorp/terraform-provider-vault,38
github/rubocop-rails-accessibility,37
hashicorp/homebrew-tap,37
alibaba/ice,37
Tencent/tdesign,37
microsoft/vscode-cmake-tools,37
elastic/integrations,37
hashicorp/terraform-provider-corner,37
aws/aws-rfdk,36
facebook/mvfst,36
GoogleCloudPlatform/solutions-gke-init-daemonsets-tutorial,36
hashicorp/terraform-provider-tfcoremock,36
spring-projects/spring-session,36
rust-lang/rustc_codegen_cranelift,36
aws/aws-lambda-java-libs,35
hashicorp/vault-action,35
huggingface/hub-docs,35
github/webpack-bundlesize-compare-action,35
elastic/elasticsearch-js,35
microsoft/BotFramework-WebChat,35
GoogleCloudPlatform/microservices-demo,35
aws/aws-xray-daemon,35
pytorch/text,35
github/request-marketplace-action,35
aws/bedrock-agentcore-starter-toolkit,35
redis/docs,35
mozilla/bedrock,34
hashicorp/setup-terraform,34
google/timesketch,34
elastic/opbeans-php,34
spring-projects/spring-integration-aws,34
redis/riot,34
hashicorp/vault-k8s,34
aws-samples/amazon-chime-voice-connector-for-sip-trunking,34
github/emergency-pull-request-probot-app,34
GoogleCloudPlatform/terraformer,34
hashicorp/terraform-aws-consul-ecs,34
nrwl/ci,34
rust-lang/rust-playground,34
hashicorp/terraform-plugin-codegen-openapi,34
vercel/storage,34
github/octoforce-actions,34
hashicorp/syntax,34
bytedance/vArmor,33
apache/struts-examples,33
flutter/games,33
mozilla/mozregression,33
elastic/opentelemetry-collector-components,33
GoogleCloudPlatform/alloydb-go-connector,33
alibaba/pipcook,33
facebookresearch/fbpcf,33
NVIDIA/spark-rapids-tools,33
Azure/terraform,32
vercel/swr,32
GoogleCloudPlatform/functions-framework-nodejs,32
rust-lang/rustfmt,32
elastic/go-elasticsearch,32
apache/thrift,32
redis/NRedisStack,32
google/webdriver.dart,32
hashicorp/terraform-registry-address,32
google/fonts,32
pytorch/audio,32
hashicorp/copywrite,32
JetBrains/rd,32
github/vscode-github-actions,31
flutter/tools_metadata,31
alibaba/spring-ai-alibaba,31
apache/accumulo,31
pytorch/pytorch-integration-testing,31
aws/aws-cli,31
nodejs/gyp-next,31
GoogleCloudPlatform/functions-framework-php,31
hashicorp/vscode-hcl,31
dotnet/Nerdbank.Streams,31
alibaba/code-data-share-for-python,31
Netflix/lemur,30
NVIDIA/nvidia-container-toolkit,30
facebookresearch/CompilerGym,30
aws/amazon-ecs-agent,30
aws/aws-lambda-dotnet,30
redis/node-redis,30
NVIDIA/numba-cuda,30
bytedance/matxscript,29
NVIDIA/cudaqx,29
fossasia/eventyay-tickets,29
GoogleCloudPlatform/opentelemetry-demo,29
google/webkit_inspection_protocol.dart,29
elastic/apm-data,29
aws/actions-dev-kit,29
dotnet/Nerdbank.GitVersioning,29
dotnet/apisof.net,29
JetBrains/qodana-cli,29
GoogleCloudPlatform/functions-framework-java,29
hashicorp/terraform-json,29
spring-projects/spring-statemachine,29
elastic/go-sysinfo,29
apache/jena,29
aws/aws-signer-notation-plugin,29
github/opensourcefriday,28
elastic/apm-agent-go,28
aws-samples/cdk-image-pipeline,28
bytedance/Elkeid,28
hashicorp/terraform-plugin-codegen-spec,28
square/pollexor,28
github/local-action,28
pytorch/torchtune,28
aws-samples/amazon-chime-sdk-click-to-call,28
google/vector_math.dart,28
TheAlgorithms/Java,28
Tencent/tgfx,28
huggingface/chat-ui,28
github/artifact-attestations-opa-provider,27
vuejs/core,27
golang/geo,27
TheAlgorithms/C,27
PaddlePaddle/Paddle2ONNX,27
elastic/synthetics,27
elastic/ecctl,27
NVIDIA/skyhook,27
hashicorp/go-multierror,27
github/measure-innersource,27
aws-samples/eks-anywhere-addons,27
rust-lang/docker-rust,27
nodejs/caritat,27
hashicorp/hcp-sdk-go,27
google/proto-lens,27
elastic/opentelemetry,27
JetBrains/skia-pack,27
dotnet/docs-desktop,27
apache/opennlp,26
JetBrains/JetBrainsRuntime,26
aws/copilot-cli,26
GoogleCloudPlatform/gcpdiag,26
Tencent/libpag,26
google/gtm-session-fetcher,26
nodejs/build,26
aws-samples/amazon-textract-textractor,26
GoogleCloudPlatform/spanner-migration-tool,26
aws/aws-iot-device-sdk-java-v2,26
bytedance/ipmb,26
hashicorp/go-bexpr,26
GoogleCloudPlatform/anthos-samples,26
facebook/ThreatExchange,25
aws/aws-sdk-php,25
Kubernetes/cloud-provider-aws,25
hashicorp/web-platform-packages,25
aws/aws-lambda-builders,25
hashicorp/actions-docker-build,25
nrwl/nx-console,25
hashicorp/aws-sdk-go-base,25
google/fruit,25
apache/qpid-dispatch,25
pytorch/torchcodec,25
apache/creadur-tentacles,25
bytedance/sonic,25
aws/aws-xray-sdk-go,25
hashicorp/vault-ruby,25
microsoft/Vipr,25
facebook/akd,25
apache/tomee,25
hashicorp/vault-csi-provider,25
Laravel/dusk,24
microsoft/tslib,24
aws-samples/amazon-chime-sma-update-call,24
dotnet/sdk,24
aws-samples/aws-secure-environment-accelerator,24
apache/echarts,24
facebook/yoga,24
elastic/terraform-provider-elasticstack,24
PaddlePaddle/PaddleNLP,24
elastic/logstash,24
github/pages-gem,24
facebookresearch/faiss,24
github/go-spdx,24
facebook/dns,24
fossasia/badgemagic-app,24
PaddlePaddle/PaddleFlow,23
mozilla/jira-bugzilla-integration,23
elastic/elastic-ingest-dotnet,23
TheAlgorithms/C-Plus-Plus,23
hashicorp/vault-plugin-secrets-kv,23
microsoft/Microsoft.IO.RecyclableMemoryStream,23
GoogleCloudPlatform/cloud-sql-nodejs-connector,23
NVIDIA/gpu-driver-container,23
mozilla/remote-settings,23
vercel/terraform-provider-vercel,23
github/lock,23
github/octocatalog-diff,23
huggingface/test-actions,23
NVIDIA/TransformerEngine,23
elastic/apm-k8s-attacher,23
JetBrains/Grammar-Kit,23
NVIDIA/NeMo-speech-data-processor,23
github/pages-health-check,23
GoogleCloudPlatform/gcsfuse,23
hashicorp/packer-plugin-sdk,23
elastic/apm-queue,23
aws/aws-iot-device-sdk-python-v2,23
alibaba/BladeDISC,23
aws/mynah-ui,23
facebook/openr,23
Azure/azure-signalr,23
alibaba/TinyNeuralNetwork,23
vercel/nft,23
aws-samples/amazon-chime-media-capture-pipeline-demo,22
dotnet/extensions,22
google/pytype,22
google/built_value.dart,22
aws/graph-notebook,22
github/codeql-action-sync-tool,22
spring-projects/spring-authorization-server,22
NVIDIA/TensorRT-Incubator,22
microsoft/json-document-transforms,22
hashicorp/hcl-lang,22
redis/Redis-for-VS-Code,22
rust-lang/rustc-perf,22
Netflix/iep,22
huggingface/pytorch-image-models,22
GoogleCloudPlatform/recaptcha-edge,22
aws/aws-app-mesh-controller-for-k8s,22
square/web-payments-quickstart,22
aws/aws-advanced-python-wrapper,22
vercel/edge-runtime,22
facebook/rocksdb,22
facebook/infer,22
tensorflow/recommenders-addons,21
GoogleCloudPlatform/pubsec-declarative-toolkit,21
JetBrains/psiviewer,21
symfony/webpack-encore,21
symfony/demo,21
apache/drill,21
openai/openai-node,21
dotnet/dotnet-api-docs,21
facebook/facebook-for-woocommerce,21
rust-lang/backtrace-rs,21
NVIDIA/cuEquivariance,21
twbs/blog,21
square/Blueprint,21
microsoft/opensource-management-portal,21
elastic/ecs-logging-nodejs,21
bytedance/CompoundVM,21
hashicorp/packer-plugin-googlecompute,21
huggingface/simulate,21
google/built_collection.dart,21
dotnet/docs-tools,21
vercel/ncc,21
hashicorp/terraform-schema,20
redis/lettuce,20
GoogleCloudPlatform/alloydb-python-connector,20
redis/redis-rb,20
hashicorp/terraform-provider-google,20
microsoft/ApplicationInsights-JS,20
aws/aws-parallelcluster,20
JetBrains/koog,20
Tencent/tdesign-vue,20
NVIDIA/gpu-operator,20
vercel/next-forge,20
spring-projects/spring-framework,20
apache/incubator-kie-drools,20
symfony/ux,20
apache/maven,20
GoogleCloudPlatform/document-ai-samples,20
NVIDIA/deepops,20
aws/amazon-s3-encryption-client-dotnet,20
PaddlePaddle/PaddleOCR,20
twitter/algebird,20
rust-lang/miri,20
NVIDIA/cuopt,20
NVIDIA/NVFlare,20
hashicorp/envconsul,20
aws/aws-sam-build-images,20
GoogleCloudPlatform/cloud-samples-tools,20
aws/integrations-on-dotnet-aspire-for-aws,20
aws-samples/aws-auto-inventory,20
GoogleCloudPlatform/apigee-samples,19
vercel/ai,19
elastic/opbeans-flask,19
elastic/golang-crossbuild,19
microsoft/testfx,19
JetBrains/package-search-gradle-plugins,19
huggingface/course,19
github/command,19
hashicorp/hil,19
hashicorp/packer-plugin-amazon,19
hashicorp/vault-plugin-auth-kubernetes,19
vuejs/create-vue,19
nodejs/branch-diff,19
airbnb/lottie-android,19
elastic/elasticsearch-ruby,19
NVIDIA/garak,19
square/retrofit,19
spring-projects/spring-graphql,19
JetBrains/intellij-feature-suggester,19
aws-samples/aws-iot-securetunneling-localproxy,19
GoogleCloudPlatform/cloud-sql-proxy-operator,19
alibaba/PhotonLibOS,19
GoogleCloudPlatform/avocano,19
aws/aws-parallelcluster-cookbook,19
apple/app-store-server-library-java,19
dotnet/maui,19
rust-lang/rustup,19
GoogleCloudPlatform/aactl,19
GoogleCloudPlatform/alloydb-java-connector,19
hashicorp/go-tfe,19
aws/aws-sam-cli-app-templates,19
NVIDIA/spark-rapids-jni,19
microsoft/slow-cheetah,19
GoogleCloudPlatform/jit-groups,19
aws-samples/cdk-aws-iotfleetwise,18
nodejs/web-team,18
JetBrains/marketplace-zip-signer,18
google/quiver-dart,18
elastic/observability-docs,18
Laravel/pulse,18
dotnet/aspire-samples,18
Azure/azure-iot-cli-extension,18
aws/serverless-java-container,18
facebook/opaque-ke,18
GoogleCloudPlatform/kubernetes-engine-samples,18
GoogleCloudPlatform/k8s-config-connector,18
aws/aws-pgsql-odbc,18
angular/angularfire,18
facebookresearch/fmmax,18
fossasia/pslab-app,18
github/eslint-plugin-github,18
google/libphonenumber,18
facebookresearch/detectron2,18
microsoft/Windows-driver-samples,18
GoogleCloudPlatform/functions-framework-conformance,18
aws/aws-dotnet-messaging,18
hashicorp/vault-plugin-secrets-kubernetes,18
nodejs/changelog-maker,18
apache/stormcrawler,18
dotnet/maui-samples,18
twitter/chill,18
PaddlePaddle/PaddleTest,18
github/markdownlint-github,18
dotnet/BenchmarkDotNet,18
huggingface/evaluate,17
github/dependency-submission-toolkit,17
aws/aws-encryption-sdk-cli,17
hashicorp/actions-generate-metadata,17
alibaba/higress,17
aws/aws-iot-device-sdk-embedded-C,17
vuejs/vitepress,17
elastic/elastic-otel-python-instrumentations,17
hashicorp/go-getter,17
hashicorp/go-discover,17
apple/app-store-server-library-python,17
freeCodeCamp/courses-vscode-extension,17
github/privileged-requester,17
JetBrains/Exposed,17
aws/ota-for-aws-iot-embedded-sdk,17
redis/jvm-redis-authx-entraid,17
hashicorp/terraform-equivalence-testing,17
alibaba/GaiaX,17
aws/pgactive,17
huggingface/optimum-amd,17
GoogleCloudPlatform/kotlin-samples,17
hashicorp/react-components,17
bytedance/UI-TARS-desktop,17
aws/serverless-application-model,17
hashicorp/vagrant-vmware-desktop,17
github/gh-ost,17
github/rust-gems,17
facebookresearch/projectaria_tools,17
rust-lang/futures-rs,17
aws-samples/aws-fault-injection-simulator-workshop,17
aws/aws-dynamodb-encryption-python,17
JetBrains/skiko,17
github/markup,17
facebook/sapp,17
aws/aws-sdk-java-v2,17
apache/grails-spring-security,17
Tencent/fast-causal-inference,17
NVIDIA/ais-k8s,17
aws/amazon-q-developer-cli,17
symfony/recipes,17
vercel/examples,16
aws/amazon-documentdb-jdbc-driver,16
aws/amazon-cloudwatch-agent-operator,16
elastic/elastic-serverless-forwarder,16
elastic/elastic-agent-autodiscover,16
microsoft/DirectXShaderCompiler,16
rust-lang/libz-sys,16
square/okio,16
rust-lang/libc,16
microsoft/cppwinrt,16
apache/cordova-ios,16
microsoft/azure-pipelines-tasks,16
elastic/elasticsearch-php,16
apache/directory-studio,16
freeCodeCamp/devdocs,16
NVIDIA/stdexec,16
pytorch/torchsnapshot,16
hashicorp/terraform-mcp-server,16
aws/graph-explorer,16
rust-lang/rustc_codegen_gcc,16
apache/wicket,16
elastic/apm-agent-ios,16
facebookresearch/fairseq,16
pytorch/torcheval,16
apple/ml-hierarchical-confusion-matrix,16
google/google-java-format,16
rust-lang/portable-simd,16
rust-lang/rust-clippy,16
rust-lang/team,16
angular/angular-ja,16
freeCodeCamp/freeCodeCampOS,16
huggingface/text-embeddings-inference,16
redis/jedis,16
huggingface/lerobot,16
TheAlgorithms/Nim,16
spring-projects/spring-credhub,16
mozilla/bleach,16
mozilla/application-services,16
Tencent/tdesign-react,16
aws-samples/aws-devopsguru-eks-test-harness,16
alibaba/heterogeneity-aware-lowering-and-optimization,15
microsoft/powerbi-visuals-utils-localizationutils,15
aws-samples/amazon-chime-sma-bridging,15
aws-samples/amazon-chime-sma-on-demand-recording,15
GoogleCloudPlatform/generative-ai,15
openai/openai-python,15
facebookresearch/mmf,15
square/eslint-plugin-square,15
aws/aws-sdk-js-codemod,15
apache/cordova-android,15
github/octofacts,15
hashicorp/consul-telemetry-collector,15
google/grinder.dart,15
aws-samples/talk-dev-to-me-twitch,15
elastic/elastic-transport-js,15
JetBrains/qodana-docker,15
symfony/symfony-docs,15
apache/incubator-kie-optaplanner,15
square/workflow,15
apache/mahout,15
huggingface/candle,15
square/okhttp,15
facebookresearch/AugLy,15
aws/language-servers,15
twbs/rfs,15
google/turbinia,15
aws/aws-dotnet-distributed-cache-provider,15
TheAlgorithms/Rust,15
aws/shim-loggers-for-containerd,15
google/cadvisor,15
alibaba/loongsuite-go-agent,15
elastic/eui,15
aws/amazon-q-developer-cli-autocomplete,15
Kubernetes/cloud-provider-vsphere,15
Azure/azure-functions-durable-extension,15
GoogleCloudPlatform/prometheus-engine,15
hashicorp/serf,15
hashicorp/setup-nomad,15
hashicorp/setup-packer,15
NVIDIA/NeMo-Aligner,15
square/kotlinpoet,15
microsoft/navcontainerhelper,15
NVIDIA/Fuser,15
microsoft/ApplicationInsights-node.js,15
pytorch/tnt,15
GoogleCloudPlatform/workflows-samples,15
alibaba/TorchEasyRec,15
apache/httpcomponents-client,14
aws/aws-sdk-go-v2,14
pytorch/opacus,14
google/go-querystring,14
hashicorp/vault-plugin-database-redis-elasticache,14
facebook/dotslash,14
square/workflow-swift,14
Kubernetes/autoscaler,14
Tencent/tdesign-mobile-react,14
hashicorp/mql,14
JetBrains/kotlin-wrappers,14
github/entitlements-config,14
hashicorp/nomad-driver-podman,14
redis/redis-vl-python,14
facebook/ktfmt,14
elastic/logstash-docs,14
huggingface/llm-perf-backend,14
microsoft/rushstack,14
huggingface/ratchet,14
rust-lang/mdBook,14
GoogleCloudPlatform/gcs-analytics-core,14
square/maker,14
freeCodeCamp/curriculum-helpers,14
hashicorp/consul-server-connection-manager,14
pytorch/ci-infra,14
vuejs/language-tools,14
hashicorp/vault-plugin-database-snowflake,14
hashicorp/vault-plugin-mock,14
NVIDIA/mig-parted,14
apache/helix,14
microsoft/vcpkg,14
aws/codecatalyst-runner-cli,14
NVIDIA/NeMo-Guardrails,14
Laravel/nightwatch,14
spring-projects/spring-restdocs,14
GoogleCloudPlatform/application-integration-management-toolkit,14
aws/aws-xray-sdk-python,14
Laravel/octane,14
tensorflow/tfx,14
NVIDIA/KAI-Scheduler,14
rust-lang/regex,14
hashicorp/sentinel-sdk,14
Tencent/wepy,14
Kubernetes/kompose,14
microsoft/vs-streamjsonrpc,14
freeCodeCamp/i18n-curriculum,14
hashicorp/terraform-aws-consul-lambda,14
hashicorp/vault-plugin-database-oracle,13
apache/httpd,13
google/go-jsonnet,13
GoogleCloudPlatform/dataflow-solution-guides,13
NVIDIA/bionemo-framework,13
elastic/ebpf,13
openai/openai-java,13
aws/aws-xray-sdk-java,13
hashicorp/dbassert,13
facebookresearch/ocean,13
apple/app-store-server-library-node,13
GoogleCloudPlatform/gcve-iac-foundations,13
fossasia/eventyay-video,13
tensorflow/quantum,13
microsoft/Docker-Provider,13
aws/aws-ofi-nccl,13
elastic/go-docappender,13
square/luks2crypt,13
GoogleCloudPlatform/iam-federation-tools,13
aws/codecatalyst-blueprints,13
JetBrains/helm-charts,13
microsoft/BotFramework-DirectLineJS,13
hashicorp/go-hclog,13
nodejs/readable-stream,13
github/secure_headers,13
microsoft/pxt,13
Laravel/folio,13
aws/aws-encryption-sdk-c,13
alibaba/libgrape-lite,13
Laravel/telescope,13
hashicorp/go-slug,13
github/gh-combine,13
twbs/stylelint-config-twbs-bootstrap,13
freeCodeCamp/news-translation-tasks,13
aws/aws-extensions-for-dotnet-cli,13
huggingface/optimum-executorch,13
rust-lang/rustc-dev-guide,13
Kubernetes/git-sync,13
microsoft/vs-threading,13
hashicorp/terraform-config-inspect,13
Netflix/spectator,13
Netflix/spectator-go,13
huggingface/nanotron,13
hashicorp/tfc-workflows-tooling,13
microsoft/terminal,13
airbnb/Showkase,13
bytedance/flutter_ume,13
bytedance/flowgram.ai,13
spring-projects/spring-hateoas,13
bytedance/xgplayer,13
dotnet/versionsweeper,13
rust-lang/flate2-rs,13
mozilla/cbindgen,13
Tencent/tdesign-miniprogram,13
JetBrains/rider-efcore,13
github/codeql-variant-analysis-action,13
dotnet/issue-labeler,12
nodejs/nodejs-dependency-vuln-assessments,12
aws/amazon-chime-sdk-component-library-react,12
github/government.github.com,12
square/picasso,12
redis/hiredis-py,12
bytedance/deer-flow,12
NVIDIA/Megatron-Energon,12
Laravel/vapor-core,12
elastic/elasticsearch-py,12
hashicorp/consul-ecs,12
GoogleCloudPlatform/google-cloud-spanner-hibernate,12
airbnb/lottie-ios,12
alibaba/hybridnet,12
dotnet/AspNetCore.Docs,12
elastic/oblt-playwright,12
Laravel/breeze,12
huggingface/transformers.js,12
redis/redis-benchmarks-specification,12
google/syzkaller,12
GoogleCloudPlatform/functions-framework-cpp,12
GoogleCloudPlatform/dlp-dataflow-deidentification,12
bytedance/byteir,12
huggingface/optimum-nvidia,12
aws/aws-advanced-nodejs-wrapper,12
tensorflow/build,12
aws/aws-lambda-go,12
Tencent/BqLog,12
aws/aws-nitro-enclaves-cli,12
Tencent/tquic,12
google/openhtf,12
aws/aws-node-termination-handler,12
golang/appengine,12
hashicorp/damon,12
apache/cassandra-gocql-driver,12
aws/aws-toolkit-jetbrains,12
elastic/apm,12
hashicorp/go-retryablehttp,12
hashicorp/go-rate,12
hashicorp/hcdiag,12
aws/aws-cdk-rfcs,12
apache/subversion,12
google/google-api-objectivec-client-for-rest,12
rust-lang/cargo-bisect-rustc,12
google/coding-with-chrome,12
microsoft/Detours,12
aws/aws-iot-device-sdk-js-v2,12
dotnet/arcade,12
rust-lang/book,12
GoogleCloudPlatform/opentelemetry-operations-go,12
spring-projects/spring-batch,12
facebook/voprf,12
facebookresearch/aepsych,12
aws/eks-hybrid,12
GoogleCloudPlatform/samples-style-guide,12
redis/lettucemod,11
mozilla/kitsune,11
Laravel/jetstream,11
hashicorp/actions-slack-status,11
NVIDIA/k8s-nim-operator,11
apache/tomcat,11
Laravel/cashier-paddle,11
elastic/oblt-cli-buildkite-plugin,11
redis/mcp-redis,11
nodejs/userland-migrations,11
aws-samples/cdk-wakeful,11
aws/smithy-go,11
elastic/ecs-logging-ruby,11
square/wire,11
huggingface/lighteval,11
Tencent/TencentKona-8,11
elastic/apm-perf,11
facebookresearch/vrs,11
GoogleCloudPlatform/cloud-spanner-r2dbc,11
aws-samples/aws-proton-terraform-github-actions-sample,11
facebookresearch/pplbench,11
microsoft/pxt-common-packages,11
elastic/cloud-sdk-go,11
alibaba/hooks,11
redis/hiredis,11
Azure/azure-kusto-python,11
elastic/ems-landing-page,11
elastic/geneve,11
Azure/AppService,11
airbnb/visx,11
NVIDIA/holodeck,11
NVIDIA/TensorRT-Model-Optimizer,11
aws/base64io-python,11
Tencent/cloudbase-framework,11
dotnet/core,11
Tencent/tdesign-common,11
github/update-project-action,11
apple/container,11
hashicorp/terraform-provider-tfmigrate,11
microsoft/AirSim,11
facebook/flow,11
spring-projects/spring-ai-integration-tests,11
facebook/fboss,11
apache/poi,11
aws/aws-iot-device-sdk-swift,11
Laravel/.github,11
NVIDIA/terraform-provider-shoreline,11
nodejs/full-icu-npm,11
microsoft/monaco-editor,11
alibaba/tengine,11
elastic/opbeans-android,11
mozilla/mozilla-django-oidc,11
TheAlgorithms/JavaScript,11
Netflix/dgs-examples-java,11
NVIDIA/spark-rapids-ml,11
hashicorp/terraform-provider-consul,11
apache/grails-redis,11
microsoft/binskim,11
apache/apr,11
alibaba/xquic,11
google/guice,11
huggingface/autotrain-advanced,11
aws-samples/driftctl-cross-account-cross-region,11
tensorflow/tfx-bsl,11
microsoft/WSL,11
nodejs/nodejs-dist-indexer,11
aws-samples/cdk-eks-karpenter,11
huggingface/audio-transformers-course,11
dotnet/xcsync,11
twitter/twitter-server,10
vuejs/vue-eslint-parser,10
github/annotated-logger,10
Netflix/dgs-examples-kotlin,10
hashicorp/hcl,10
hashicorp/hashicat-azure,10
hashicorp/vault-plugin-auth-kerberos,10
dotnet/roslynator,10
nodejs/import-in-the-middle,10
hashicorp/vault-ssh-helper,10
aws/amazon-ec2-instance-selector,10
aws/aws-parallelcluster-ui,10
apache/parquet-format,10
aws/aws-parallelcluster-node,10
alibaba/pemja,10
redis/redis-snap,10
openai/openai-agents-js,10
microsoft/VFSForGit,10
aws/aws-secretsmanager-caching-java,10
microsoft/vs-mef,10
alibaba/java-dns-cache-manipulator,10
Laravel/installer,10
vuejs/apollo,10
microsoft/vs-validation,10
github/glb-director,10
twitter/finagle,10
twitter/finatra,10
JetBrains/package-search-intellij-plugin,10
Tencent/xLua,10
apple/containerization,10
TheAlgorithms/Go,10
alibaba/rax,10
elastic/ecs-logging-go-zap,10
NVIDIA/nvbench,10
NVIDIA/nvidia-resiliency-ext,10
apache/zookeeper,10
hashicorp/nomad-autoscaler,10
aws/aws-xray-sdk-node,10
apache/cxf-xjc-utils,10
github/spokes-receive-pack,10
Laravel/cashier-stripe,10
Tencent/tdesign-mobile-vue,10
GoogleCloudPlatform/migrate-from-service-account-keys,10
elastic/ecs-logging-go-logrus,10
google/capirca,10
mozilla/terraform-modules,10
apple/swift-container-plugin,10
google/uri.dart,10
hashicorp/vault-plugin-auth-alicloud,10
aws/aws-logging-dotnet,10
microsoft/GSL,10
hashicorp/consul-esm,10
square/certigo,10
elastic/apm-aggregation,10
bytedance/node-unix-socket,10
pytorch/multipy,10
pytorch/benchmark,10
Laravel/passport,10
elastic/elasticsearch-dsl-py,10
huggingface/hf-workflows,10
github/hooks,10
aws-samples/amazon-chime-pstn-audio-with-amazon-lex,10
square/moshi,10
twitter/scrooge,10
alibaba/EasyCV,10
NVIDIA/container-canary,10
alibaba/CicadaPlayer,10
nodejs/bluesky,10
huggingface/Google-Cloud-Containers,9
hashicorp/vault-plugin-database-redis,9
hashicorp/go-secure-stdlib,9
Netflix/consoleme,9
hashicorp/go-immutable-radix,9
Azure/autorest.java,9
hashicorp/vault-plugin-secrets-terraform,9
hashicorp/vault-plugin-database-couchbase,9
GoogleCloudPlatform/ops-agent,9
rust-lang/log,9
mozilla/metric-hub,9
elastic/ecs-logging-php,9
openai/openai-dotnet,9
google/earthengine-api,9
hashicorp/vault-plugin-database-mongodbatlas,9
hashicorp/setup-nomad-pack,9
alibaba/async_simple,9
google/tarpc,9
google/addlicense,9
github/twirp-rs,9
GoogleCloudPlatform/pubsub2inbox,9
square/leakcanary,9
facebookresearch/SimulEval,9
alibaba/transmittable-thread-local,9
facebook/usort,9
NVIDIA/numbast,9
huggingface/workshops,9
GoogleCloudPlatform/solution-acceleration-toolkit,9
huggingface/xet-core,9
TheAlgorithms/Lua,9
mozilla/service-deploy-status,9
openai/whisper,9
elastic/ecs-logging-go-zerolog,9
Kubernetes/kube-openapi,9
alibaba/lowcode-engine,9
redis/rueidis,9
apache/cordova-cli,9
apache/cordova-coho,9
GoogleCloudPlatform/service-extensions,9
apache/grails-quartz,9
apache/gora,9
aws/aws-sdk-js-v3,9
apache/commons-chain,9
elastic/rally-tracks,9
aws/aws-dotnet-extensions-configuration,9
symfony/flex,9
GoogleCloudPlatform/dataproc-templates,9
hashicorp/consul-replicate,9
alibaba/arthas,9
mozilla/jira-bugzilla-extension,9
airbnb/HorizonCalendar,9
hashicorp/go-extract,9
GoogleCloudPlatform/gke-autoneg-controller,9
symfony/security-acl,9
hashicorp/swingset,9
GoogleCloudPlatform/docker-credential-gcr,9
facebookresearch/multimodal,9
hashicorp/consul-aws,9
NVIDIA/NeMo-Agent-Toolkit,9
vuejs/babel-plugin-jsx,9
github/combine-prs,9
Azure/azure-amqp,9
aws/sagemaker-python-sdk,9
elastic/gmux,9
hashicorp/cap,9
redis/agent-memory-server,9
Laravel/pennant,9
huggingface/setfit,9
aws-samples/amazon-chime-sma-call-forwarding,9
microsoft/vscode-mssql,9
dotnet/orleans,9
github/gh-skyline,9
aws/SigV4-for-AWS-IoT-embedded-sdk,9
aws/Jobs-for-AWS-IoT-embedded-sdk,9
Netflix/metaflow-service,9
nodejs/node-core-utils,9
vercel/nextjs-issue-tracker,9
twitter/compose-rules,9
dotnet/nuget-trends,9
github/freno,8
hashicorp/vault-plugin-secrets-alicloud,8
hashicorp/go-version,8
hashicorp/go-kms-wrapping,8
hashicorp/go-memdb,8
github/entitlements-app,8
NVIDIA/NVTX,8
elastic/elasticsearch-labs,8
NVIDIA/cloud-native-docs,8
NVIDIA/cloudai,8
NVIDIA/cuDecomp,8
NVIDIA/edk2-nvidia,8
aws/random-cut-forest-by-aws,8
aws/redshift-test-drive,8
bytedance/monoio,8
hashicorp/packer-plugin-azure,8
dotnet/Docker.DotNet,8
TheAlgorithms/algorithms-keeper,8
hashicorp/packer-plugin-proxmox,8
pytorch/captum,8
NVIDIA/k8s-dra-driver-gpu,8
NVIDIA/k8s-driver-manager,8
alibaba/IOC-golang,8
alibaba/MNN,8
hashicorp/terraform-azurerm-terraform-enterprise,8
aws/pg_tle,8
hashicorp/setup-signore,8
alibaba/kt-connect,8
alibaba/lightproxy,8
Laravel/horizon,8
Laravel/lumen-framework,8
elastic/go-licence-detector,8
Laravel/boost,8
google/s2geometry,8
TheAlgorithms/Dart,8
hashicorp/nomad-driver-exec2,8
aws/chalice,8
rust-lang/blog.rust-lang.org,8
rust-lang/chalk,8
elastic/opbeans-swift,8
alibaba/spring-cloud-alibaba,8
JetBrains/pest-intellij,8
JetBrains/phpstorm-stubs,8
rust-lang/hashbrown,8
rust-lang/crates-build-env,8
JetBrains/package-search-api-models,8
rust-lang/stdarch,8
microsoft/PowerBI-visuals-tools,8
facebook/chef-cookbooks,8
apache/httpcomponents-core,8
mozilla/releases_insights,8
hashicorp/ember-asciinema-player,8
NVIDIA/spark-rapids-common,8
apache/jmeter,8
aws/aws-rds-odbc,8
aws/aws-sdk-cpp,8
GoogleCloudPlatform/secrets-store-csi-driver-provider-gcp,8
rust-lang/socket2,8
spring-projects/spring-security-kerberos,8
facebook/mariana-trench,8
facebook/memlab,8
hashicorp/terraform-provider-nomad,8
square/sharkey,8
square/square-ruby-sdk,8
GoogleCloudPlatform/genai-databases-retrieval-app,8
GoogleCloudPlatform/golang-samples,8
GoogleCloudPlatform/kubectl-ai,8
GoogleCloudPlatform/marketplace-tools,8
nodejs/citgm,8
elastic/cortado,8
hashicorp/go-cty-funcs,8
hashicorp/go-eventlogger,8
aws/aws-codeguru-cli,8
apple/swift-openapi-generator,8
huggingface/hf_transfer,8
hashicorp/vault-lambda-extension,8
aws/aws-aspnet-cognito-identity-provider,8
symfony/webpack-encore-bundle,8
huggingface/llm-ls,8
huggingface/llm-vscode,8
GoogleCloudPlatform/berglas,8
github/gh-models,8
freeCodeCamp/Rust-In-Replit,8
github/issue-parser,8
huggingface/hf_benchmarks,8
Netflix/weep,8
hashicorp/hcp,8
Netflix/genie,8
freeCodeCamp/exam-env,8
vercel/analytics,8
twitter/util,8
EbookFoundation/oapen-suggestion-service,8
Azure/azure-sdk-for-ios,7
Azure/azure-sdk-for-go,7
GoogleCloudPlatform/ai-ml-recipes,7
freeCodeCamp/how-to-contribute-to-open-source,7
elastic/die-python,7
NVIDIA/warp,7
Azure/terraform-azurerm-compute,7
Azure/WALinuxAgent,7
fossasia/magic-epaper-app,7
hashicorp/golang-lru,7
twitter/scalding,7
Netflix/dgs-federation-example,7
nodejs/uvwasi,7
GoogleCloudPlatform/monitoring-dashboard-samples,7
elastic/elastic-agent-system-metrics,7
elastic/elastic-charts,7
tensorflow/data-validation,7
aws-samples/baseline-environment-on-aws,7
aws-samples/dbt-glue,7
huggingface/huggingface-inference-toolkit,7
nodejs/tap2junit,7
dotnet/android-libraries,7
mozilla/mzcld-demo,7
Tencent/feflow,7
aws/aws-advanced-go-wrapper,7
hashicorp/vault-client-dotnet,7
elastic/eck-diagnostics,7
NVIDIA/nv-ingest,7
Netflix/dgs-examples-java.latest,7
nodejs/llnode,7
symfony/mercure,7
flutter/cocoon,7
symfony/panther,7
fossasia/visdom,7
github/ghas-jira-integration,7
github/include-fragment-element,7
pytorch/torchft,7
facebookresearch/BenchMARL,7
square/swift-syntax-prebuilt,7
aws/aws-iot-device-sdk-java,7
GoogleCloudPlatform/datashare-toolkit,7
facebookresearch/fbpcp,7
aws-samples/aws-content-creation-render-environment-for-windows,7
mozilla/legal-docs,7
elastic/elastic-agent-libs,7
huggingface/optimum-quanto,7
NVIDIA/nautobot-app-consumables,7
aws-samples/amazon-kinesis-video-streams-media-interface,7
aws-samples/cfn101-workshop,7
Laravel/echo,7
JetBrains/skija,7
aws/aws-ssm-data-protection-provider-for-aspnet,7
rust-lang/compiler-builtins,7
Azure/azure-sdk-for-android,7
vercel/cosmosdb-server,7
freeCodeCamp/ui,7
hashicorp/vault-rails,7
dotnet/winforms,7
github/catalyst,7
hashicorp/vault-plugin-database-elasticsearch,7
vuejs/test-utils,7
aws/amazon-ecs-ami,7
rust-lang/jobserver-rs,7
apache/cordova-lib,7
apache/cxf-build-utils,7
JetBrains/actions,7
shadowsocks/shadowsocks-libev,7
GoogleCloudPlatform/terraform-genai-knowledge-base,7
facebook/fresco,7
apache/mina-sshd,7
JetBrains/EnhancedUnrealEngineDocumentation,7
aws/porting-assistant-dotnet-client,7
Laravel/scout,7
microsoft/roosterjs,7
aws/event-ruler,7
aws/jsii-superchain,7
microsoft/pgtoolsservice,7
JetBrains/tinygo-plugin,7
aws/lex-helper,7
Laravel/browser-kit-testing,7
aws/aws-sdk-js-crypto-helpers,7
facebook/hermes,7
aws/aws-sdk-net-extensions-cognito,7
GoogleCloudPlatform/rad-lab,7
airbnb/knowledge-repo,7
apple/app-store-server-library-swift,7
aws/aws-k8s-tester,7
microsoft/PSDocs,7
Laravel/reverb,7
hashicorp/setup-boundary,7
aws/sagemaker-experiments,7
aws/sagemaker-hyperpod-cli,7
hashicorp/terraform-provider-google-beta,7
mozilla/addons,7
mozilla/argocd-repository-details,7
bytedance/fedlearner,7
hashicorp/raft-wal,7
elastic/elasticsearch-clients-tests,7
mozilla/FoxPuppet,7
GoogleCloudPlatform/migrationcenter-utils,7
facebook/bpfilter,7
aws/aws-secretsmanager-jdbc,7
aws/aws-secretsmanager-caching-python,7
JetBrains/kotlin-compiler-server,7
rust-lang/annotate-snippets-rs,7
JetBrains/compose-multiplatform,7
elastic/terraform-provider-ec,7
elastic/request-converter,7
microsoft/go-winio,7
square/bionic,6
pytorch/examples,6
pytorch/helion,6
dotnet/MQTTnet,6
NVIDIA/kubectl-nv,6
elastic/ecs-typescript,6
elastic/docs-content,6
elastic/ecs,6
flutter/ai,6
Netflix/metacat,6
mozilla/mozilla-new-products-wp,6
square/web-sdk,6
facebookresearch/Private-ID,6
elastic/elastic-transport-python,6
pytorch/kineto,6
aws-samples/amazon-qldb-dmv-sample-nodejs,6
square/spiffe-aws-assume-role,6
aws/aws-crt-kotlin,6
aws-samples/aws-security-reference-architecture-examples,6
Netflix/atlas-docs,6
hashicorp/hcp-setup-action,6
NVIDIA/torch-harmonics,6
fossasia/eventyay-tickets-exhibitors,6
Netflix/mantis-gradle-plugin,6
hashicorp/go-plugin,6
vuejs/pinia,6
GoogleCloudPlatform/dfcx-scrapi,6
vercel/styled-jsx,6
dotnet/msbuild,6
hashicorp/hcat,6
Netflix/hollow,6
elastic/docker-credfile-gen,6
vercel/webpack-asset-relocator-loader,6
Azure/azure-kusto-spark,6
aws/Device-Shadow-for-AWS-IoT-embedded-sdk,6
Azure/autorest,6
Azure/kubernetes-kms,6
twbs/examples,6
vercel/satori,6
Netflix/spectator-js,6
GoogleCloudPlatform/cloud-data-quality,6
Tencent/TNN,6
hashicorp/lineal,6
github/github-ospo,6
github/gh-actions-importer,6
github/maintainermonth,6
Netflix/dgs-examples-java16,6
hashicorp/go-argmapper,6
mozilla/test-github-features,6
huggingface/cookbook,6
tensorflow/java,6
microsoft/thrifty,6
airbnb/DeepLinkDispatch,6
elastic/elasticsearch,6
square/Paralayout,6
alibaba/EasyRec,6
hashicorp/terraform-aws-hashicorp-vault-eks-addon,6
aws/etcdadm-bootstrap-provider,6
Kubernetes/cloud-provider-openstack,6
microsoft/nav-docker,6
GoogleCloudPlatform/recaptcha-enterprise-react-native,6
facebook/time,6
Kubernetes/utils,6
hashicorp/action-setup-bob,6
Laravel/vapor-cli,6
elastic/elasticsearch-java,6
microsoft/pxt-microbit,6
Laravel/serializable-closure,6
facebook/openbmc,6
facebook/ocamlrep,6
facebook/igl,6
mozilla/ecosystem-test-scripts,6
hashicorp/action-setup-enos,6
square/Listable,6
GoogleCloudPlatform/khi,6
square/exit,6
GoogleCloudPlatform/org-wide-gcloud-revoke,6
spring-projects/spring-ldap,6
mozilla/cargo-vet,6
aws/secrets-store-csi-driver-provider-aws,6
GoogleCloudPlatform/sapagent,6
aws/aws-network-policy-agent,6
aws/sagemaker-distribution,6
hashicorp/ruby-checkpoint,6
alibaba/fastjson2,6
alibaba/druid,6
apache/maven-surefire,6
rust-lang/promote-release,6
JetBrains/resharper-fsharp,6
google/protobuf.dart,6
google/google-toolbox-for-mac,6
elastic/terraform-elastic-esf,6
elastic/synthetics-recorder,6
rust-lang/git2-rs,6
JetBrains/intellij-scala,6
microsoft/pxt-calliope,6
rust-lang/cmake-rs,6
GoogleCloudPlatform/solutions-builder,6
apache/olingo-odata4,6
rust-lang/rust-forge,6
apache/cordova-browser,6
aws/code-editor,6
alibaba/jetcache,6
google/nomulus,6
apache/cordova-js,6
aws/aws-xray-java-agent,6
apache/couchdb-mochiweb,6
aws/aws-xray-sdk-dotnet,6
JetBrains/UnrealLink,6
JetBrains/Refasmer,6
rust-lang/measureme,6
rust-lang/miri-test-libstd,6
microsoft/app-store-vsts-extension,6
hashicorp/vault-plugin-secrets-gcpkms,6
vercel/fun,6
aws/amazon-s3-encryption-client-java,6
hashicorp/vault-plugin-auth-gcp,6
twitter/rezolus,6
aws/amazon-ec2-metadata-mock,6
vercel/next-learn,5
github/choosealicense.com,5
vuejs/router,5
aws/amazon-ec2-spot-interrupter,5
hashicorp/vault-servicenow-credential-resolver,5
hashicorp/vault-plugin-auth-oci,5
aws/Device-Defender-for-AWS-IoT-embedded-sdk,5
twitter/pelikan,5
aws/Fleet-Provisioning-for-AWS-IoT-embedded-sdk,5
hashicorp/vault-plugin-secrets-mongodbatlas,5
hashicorp/vault-plugin-secrets-ad,5
hashicorp/go-metrics,5
nodejs/nodejs-news-feeder,5
nodejs/remark-preset-lint-node,5
Azure/azure-devops-cli-extension,5
github/elastomer-client,5
github/accessibility-alt-text-bot,5
JetBrains/kotlin-desktop-toolkit,5
elastic/opentelemetry-lib,5
elastic/perf8,5
microsoft/azure-pipelines-agent,5
microsoft/azure-pipelines-task-lib,5
apache/cordova-plugman,5
apache/couchdb-fauxton,5
aws/aws-xray-dotnet-agent,5
aws/aws-secretsmanager-agent,5
microsoft/TypeScript-wiki,5
microsoft/MixedRealityToolkit-Unity,5
GoogleCloudPlatform/stet,5
rust-lang/project-stable-mir,5
rust-lang/rust-by-example,5
JetBrains/rider-trx-plugin,5
google/protobuf-gradle-plugin,5
rust-lang/infra-smoke-tests,5
microsoft/powerbi-visuals-utils-typeutils,5
alibaba/kubeskoop,5
elastic/rally,5
apache/bval,5
aws/aws-xray-sdk-ruby,5
aws/bedrock-agentcore-sdk-python,5
GoogleCloudPlatform/workloadagent,5
google/error-prone,5
apache/olingo-odata2,5
apache/jackrabbit-oak,5
microsoft/MIEngine,5
apache/parquet-java,5
google/caliper,5
facebook/fatal,5
Laravel/pail,5
microsoft/sarif-sdk,5
alibaba/one-java-agent,5
alibaba/open-local,5
microsoft/powerbi-visuals-utils-chartutils,5
aws/dcv-color-primitives,5
rust-lang/simpleinfra,5
aws/aws-sdk-net,5
GoogleCloudPlatform/php-tools,5
facebook/redex,5
facebook/stylex,5
GoogleCloudPlatform/public-datasets-pipelines,5
facebook/jscodeshift,5
elastic/enterprise-search-python,5
elastic/go-fastjson,5
Laravel/forge-cli,5
Laravel/forge-sdk,5
hashicorp/action-setup-rcodesign,5
elastic/go-windows,5
airbnb/epoxy-ios,5
Laravel/vite-plugin,5
aws/sagemaker-core,5
GoogleCloudPlatform/terraform-google-enterprise-genai,5
GoogleCloudPlatform/secops-toolkit,5
apache/maven-indexer,5
apple/swift-nio-ssl,5
aws/aws-iot-device-sdk-python,5
apache/roller,5
aws/aws-northstar,5
microsoft/ApplicationInsights-Python,5
apple/swift-asn1,5
github/vscode-codeql-starter,5
dotnet/ClangSharp,5
TheAlgorithms/scripts,5
Laravel/tinker,5
Laravel/valet,5
hashicorp/raft-snapshot,5
microsoft/vscode-tools-for-ai,5
mozilla/cubeb,5
spring-projects/spring-net,5
GoogleCloudPlatform/opentelemetry-operations-python,5
GoogleCloudPlatform/php-docs-samples,5
facebookresearch/fvcore,5
square/in-app-payments-flutter-plugin,5
GoogleCloudPlatform/healthcare-federated-access-services,5
square/Valet,5
mozilla/rkv,5
mozilla/mozdownload,5
Laravel/vonage-notification-channel,5
elastic/elasticsearch-net-abstractions,5
elastic/elasticsearch-serverless-js,5
NVIDIA/edk2-redfish-client,5
elastic/elastic-transport-net,5
elastic/elastic-transport-php,5
huggingface/swift-transformers,5
apple/swift-nio-http2,5
apple/swift-nio-ssh,5
apple/swift-statsd-client,5
huggingface/smolagents,5
hashicorp/terraform-provider-waypoint,5
hashicorp/terraform-random-tfe-utility,5
aws-samples/amazon-dynamodb-labs,5
aws-samples/amazon-gamelift-testing-toolkit,5
dotnet/android-native-tools,5
mozilla/protocol,5
elastic/elastic-github-actions,5
hashicorp/packer-plugin-oracle,5
hashicorp/raft,5
pytorch/cpuinfo,5
NVIDIA/hpc-container-maker,5
NVIDIA/k8s-samples,5
NVIDIA/knavigator,5
square/pylink,5
github/relative-time-element,5
huggingface/llm-intellij,5
aws-samples/amazon-redshift-location-user-defined-functions,5
aws/aws-corewcf-extensions,5
hashicorp/vagrant_cloud,5
huggingface/hf-endpoints-documentation,5
symfony/ai,5
GoogleCloudPlatform/docker-clamav-malware-scanner,5
GoogleCloudPlatform/enterprise-knowledge-solution,5
github/paste-markdown,5
square/subzero,5
huggingface/inference-benchmarker,5
hashicorp/vault-client-go,5
aws-samples/aws-tools-for-babylonjs-editor,5
tensorflow/docs,5
hashicorp/github-actions-core,5
hashicorp/hcp-scada-provider,5
PaddlePaddle/ERNIE,5
PaddlePaddle/ERNIE-SDK,5
TheAlgorithms/Julia,5
hashicorp/packer-plugin-ansible,5
mozilla/sanitizer-polyfill,5
mozilla/standards-positions,5
Tencent/flare,5
hashicorp/memberlist,5
elastic/apm-tools,5
nodejs/is-my-node-vulnerable,5
openai/openai-ruby,5
hashicorp/dawdle,5
NVIDIA/tilus,5
openai/codex-universal,5
openai/evals,5
openai/gym,5
GoogleCloudPlatform/cloud-hackathons,5
tensorflow/tfjs,5
github/gh-codeql,5
freeCodeCamp/demo-projects,5
github/hotkey,5
nrwl/nx-labs,5
PaddlePaddle/PaddleFormers,5
dotnet/deployment-tools,5
Tencent/DCache,5
Tencent/Firestorm,5
elastic/crawler,5
elastic/csp-security-policies,5
elastic/devfiler,5
GoogleCloudPlatform/cloud-trace-data-source-plugin,5
GoogleCloudPlatform/cluster-toolkit,5
GoogleCloudPlatform/cloud-deploy-samples,5
Netflix/dgs-examples-webflux,5
dotnet/eShop,5
dotnet/fsharp,5
fossasia/pslab-esp01-firmware,5
github/india,5
GoogleCloudPlatform/developer-journey-app,5
Azure/hpcpack-linux-agent,5
vercel/otel,5
Azure/azure-iot-sdk-csharp,5
aws-samples/serverless-patterns,5
Azure/AKS,5
vuejs/eslint-plugin-vue,5
Azure/kubernetes-volume-drivers,4
vercel/async-listen,4
github/ai-moderator,4
github/email_reply_parser,4
GoogleCloudPlatform/application-integration-samples,4
twitter/rpc-perf,4
twitter/bijection,4
tensorflow/transform,4
GoogleCloudPlatform/click-to-deploy,4
GoogleCloudPlatform/bq-pii-classifier,4
GoogleCloudPlatform/composer-utilities,4
GoogleCloudPlatform/cloudnetworking-config-solutions,4
tensorflow/graphics,4
GoogleCloudPlatform/deploystack-nosql-client-server,4
symfony/recipes-contrib,4
symfony/polyfill,4
symfony/mercure-bundle,4
symfony/maker-bundle,4
GoogleCloudPlatform/firebase-extensions,4
freeCodeCamp/ses-email-blast,4
symfony/acl-bundle,4
square/zstd-kmp,4
GoogleCloudPlatform/gke-networking-api,4
square/square-java-sdk,4
square/pyfu-usb,4
GoogleCloudPlatform/jupyter-extensions,4
GoogleCloudPlatform/gsutil,4
square/brisk-theme,4
square/Aardvark,4
spring-projects/spring-ws,4
GoogleCloudPlatform/prometheus,4
GoogleCloudPlatform/opentelemetry-operations-js,4
GoogleCloudPlatform/ramble,4
GoogleCloudPlatform/protoc-gen-bq-schema,4
github/go-pipe,4
github/github-mcp-server,4
freeCodeCamp/coderadio-client,4
freeCodeCamp/classroom,4
freeCodeCamp/CamperChan-discord,4
spring-projects/spring-batch-extensions,4
spring-projects/spring-ai-examples,4
GoogleCloudPlatform/risk-and-research-blueprints,4
rust-lang/std-dev-guide,4
rust-lang/stacker,4
rust-lang/rust-project-goals,4
rust-lang/rust-mode,4
JetBrains/Arend,4
rust-lang/reference,4
rust-lang/packed_simd,4
github/mini-throttle,4
github/metrics-exporter-statsd,4
fossasia/pslab-hardware,4
fossasia/pslab-firmware,4
fossasia/pslab-documentation,4
github/hackerone-client,4
JetBrains/ij-perf-report-aggregator,4
rust-lang/crater,4
JetBrains/terraform-aws-amplify,4
JetBrains/symbol-storage,4
JetBrains/ring-ui,4
redis/redis-py-entraid,4
redis/redis-om-spring,4
Laravel/laravel,4
Laravel/fortify,4
redis/librdb,4
redis/ioredis,4
facebookresearch/optimizers,4
Laravel/socialite,4
Laravel/slack-notification-channel,4
Laravel/sanctum,4
Laravel/prompts,4
Laravel/precognition,4
Laravel/wayfinder,4
Laravel/ui,4
pytorch/tutorials,4
pytorch/torchtitan,4
pytorch/gloo,4
NVIDIA/go-nvml,4
NVIDIA/go-nvlib,4
NVIDIA/edk2-platforms,4
NVIDIA/k8s-test-infra,4
NVIDIA/k8s-operator-libs,4
NVIDIA/k8s-kata-manager,4
facebookresearch/fairscale,4
facebookresearch/dora,4
NVIDIA/physicsnemo,4
nrwl/ts-bench-new,4
NVIDIA/vgpu-device-manager,4
nrwl/nx-cloud-helm,4
nrwl/ng-bundler-benchmark,4
nodejs/snap,4
Netflix/dgs-intellij-plugin,4
nodejs/require-in-the-middle,4
Netflix/x-element,4
Netflix/spectator-cpp,4
Netflix/metaflow-ui,4
Netflix/metaflow-nflx-extensions,4
github/training-kit,4
facebookresearch/balance,4
github/ssh_data,4
nodejs/node-core-test,4
PaddlePaddle/PaddleRS,4
nodejs/diagnostics,4
nodejs/commit-stream,4
nodejs/cjs-module-lexer,4
Tencent/ScriptX,4
Tencent/BlazerML-tvm,4
Tencent/tdesign-vue-next-starter,4
Tencent/tdesign-icons,4
mozilla/rust-android-gradle,4
TheAlgorithms/Jule,4
mozilla/mozilla-builders-wp,4
mozilla/grcov,4
mozilla/fx-private-relay-add-on,4
mozilla/frost,4
airbnb/ruby,4
google/GTMAppAuth,4
mozilla/experimenter,4
mozilla/eslint-plugin-no-unsanitized,4
mozilla/compare-locales,4
microsoft/vscode-windows-process-tree,4
alibaba/FederatedScope,4
alibaba/aliyunpan-ios-sdk,4
microsoft/sqltoolsservice,4
microsoft/service-fabric-cli,4
alibaba/formily,4
alibaba/font-toolkit,4
alibaba/feathub,4
microsoft/pxt-blockly,4
microsoft/powerbi-visuals-utils-tooltiputils,4
microsoft/powerbi-visuals-utils-testutils,4
microsoft/powerbi-visuals-utils-svgutils,4
microsoft/powerbi-visuals-utils-interactivityutils,4
microsoft/powerbi-visuals-utils-formattingutils,4
microsoft/powerbi-visuals-utils-dataviewutils,4
apache/apr-util,4
microsoft/powerbi-visuals-enhancedscatter,4
microsoft/node-native-watchdog,4
apache/cordova-docs,4
apache/datafu,4
apache/cordova-plugin-statusbar,4
microsoft/franceconnect-data-provider-dotnet-webapi-aspnetcore,4
microsoft/azure-devops-node-api,4
apache/hive,4
apache/maven-archetype,4
elastic/support-diagnostics,4
google/kati,4
google/grr,4
facebook/capi-param-builder,4
apache/maven-plugin-tools,4
apache/maven-doxia-sitetools,4
microsoft/PTVS,4
microsoft/MSLab,4
apache/tika,4
apple/swift-cluster-membership,4
apple/swift-certificates,4
apple/swift-http-structured-headers,4
apple/swift-homomorphic-encryption,4
huggingface/screensuite,4
aws-samples/amazon-chime-voiceconnector-cdr-processing,4
aws-samples/amazon-qldb-dmv-sample-python,4
aws-samples/amazon-location-service-pettracker-demo,4
elastic/package-assets,4
google/open-location-code,4
facebook/CacheLib,4
aws-samples/amazon-redshift-udfs,4
huggingface/kernels,4
huggingface/kernel-builder,4
huggingface/hfendpoints,4
aws-samples/cluster-sample-app,4
aws-samples/cdk-eks-blueprints-patterns,4
aws-samples/awsipranges,4
huggingface/gsplat.js,4
huggingface/datatrove,4
aws-samples/serverless-full-stack-webapp-starter-kit,4
aws-samples/one-observability-demo,4
aws-samples/i-love-my-local-farmer,4
huggingface/boomtitan,4
aws/amazon-cloudwatch-agent-test,4
aws/aws-application-networking-k8s,4
hashicorp/vault-pki-cieps-example,4
aws/aws-cloud-map-mcs-controller-for-k8s,4
hashicorp/terraform-providers-devex,4
aws/aws-iot-device-sdk-js,4
aws/aws-msk-iam-auth,4
aws/aws-s3-accessgrants-plugin-java-v2,4
aws/aws-secretsmanager-caching-net,4
aws/codelyzer,4
aws/eks-distro-build-tooling,4
aws/eks-anywhere-packages,4
aws/cta,4
aws/etcdadm-controller,4
aws/porting-advisor-for-graviton,4
aws/network-flow-monitor-agent,4
elastic/logstash-filter-elastic_integration,4
hashicorp/rivet-graphql,4
bytedance/mona,4
hashicorp/packer-plugin-vsphere,4
hashicorp/packer-plugin-virtualbox,4
hashicorp/packer-plugin-qemu,4
hashicorp/packer-plugin-hyperv,4
hashicorp/packer-plugin-hashicups,4
hashicorp/packer-plugin-alicloud,4
dotnet/code-analysis,4
dotnet/api-docs-sync,4
hashicorp/integration-template,4
hashicorp/hashicat-aws,4
dotnet/nbgv,4
hashicorp/go-safetemp,4
hashicorp/actions-packaging-linux,4
elastic/gobench,4
hashicorp/go-connlimit,4
elastic/celfmt,4
elastic/behavioral-analytics-tracker,4
elastic/crd-ref-docs,4
hashicorp/go-azure-helpers,4
hashicorp/errwrap,4
elastic/elastic-transport-ruby,4
elastic/elasticsearch-serverless-go,4
elastic/github-projects-elasticsearch-smith,4
elastic/enterprise-search-php,4
vercel/streamdown,4
github/brasil,4
vuejs/vue-codemod,4
vuejs/vue,4
vuejs/vetur,4
Azure/Azurite,4
Azure/Azure-DataFactory,4
facebook/mcrouter,3
airbnb/javascript,3
airbnb/goji-js,3
mozilla/dump_syms,3
mozilla/django-product-details,3
airbnb/MagazineLayout,3
TheAlgorithms/website,3
TheAlgorithms/Solidity,3
TheAlgorithms/Ruby,3
mozilla/fluent-migrate,3
Azure/azure-relay-bridge,3
elastic/elastic-agent-changelog-tool,3
twitter/TwitterTextEditor,3
github/clipboard-copy-element,3
GoogleCloudPlatform/anthos-service-mesh-samples,3
mozilla/cubeb-rs,3
mozilla/cubeb-coreaudio-rs,3
mozilla/classify-client,3
mozilla/bigquery-etl,3
mozilla/authenticator-rs,3
TheAlgorithms/C-Sharp,3
mozilla/mp4parse-rust,3
elastic/go-resource,3
elastic/go-licenser,3
elastic/go-libaudit,3
hashicorp/go-dbw,3
hashicorp/go-cleanhttp,3
elastic/docs,3
elastic/dockerfiles,3
GoogleCloudPlatform/artifact-registry-npm-tools,3
twitter/rustcommon,3
mozilla/supply-chain,3
mozilla/skylight,3
Tencent/tdesign-starter-cli,3
facebook/fb303,3
GoogleCloudPlatform/cloud-run-button,3
elastic/homebrew-geneve,3
microsoft/typed-rest-client,3
alibaba/fastFFI,3
alibaba/bifrostui,3
Tencent/TSW,3
alibaba/graphlearn-for-pytorch,3
google/git-pull-request-mirror,3
google/git-appraise,3
google/copybara,3
facebook/hyperion,3
facebook/grocery-delivery,3
facebook/facebook-python-business-sdk,3
microsoft/powerbi-visuals-sunburst,3
alibaba/sentinel-golang,3
angular/vscode-ng-language-service,3
facebookresearch/HolisticTraceAnalysis,3
github/stable-socket,3
nodejs/llparse-test-fixture,3
nodejs/llparse-builder,3
nodejs/jenkins-alerts,3
nodejs/help,3
PaddlePaddle/PGL,3
microsoft/franceconnect-identity-provider-dotnet-webapi-aspnetcore,3
dotnet/project-system,3
dotnet/performance,3
hashicorp/go-syslog,3
hashicorp/go-sockaddr,3
hashicorp/go-set,3
tensorflow/docs-l10n,3
tensorflow/cloud,3
GoogleCloudPlatform/dataflow-cookbook,3
GoogleCloudPlatform/container-engine-accelerators,3
hashicorp/go-raftchunking,3
hashicorp/hcp-auth-action,3
hashicorp/hashicat-gcp,3
dotnet/iot,3
dotnet/efcore,3
dotnet/smartcomponents,3
dotnet/signalr-client-swift,3
dotnet/sign,3
microsoft/powerbi-visuals-globemap,3
microsoft/powerbi-visuals-dualkpi,3
microsoft/pict,3
microsoft/node-native-keymap,3
Netflix/servo,3
Netflix/msl,3
facebookresearch/audioseal,3
hashicorp/nomad-device-nvidia,3
hashicorp/nomad-connect-examples,3
freeCodeCamp/search-indexer,3
facebook/between-meals,3
microsoft/google-play-vsts-extension,3
apache/cloudstack-cloudmonkey,3
apache/cassandra-ccm,3
apache/curator,3
microsoft/franceconnect-service-provider-dotnet-webapp-aspnetcore,3
google/jsonnet,3
facebook/facebook-ios-sdk,3
facebook/facebook-android-sdk,3
Netflix/Raigad,3
Netflix/Hystrix,3
Netflix/mantis-rxnetty,3
Netflix/mantis-mql,3
Netflix/dynomite-manager,3
Netflix/dyno-queues,3
nodejs/reliability,3
hashicorp/packer-plugin-vmware,3
hashicorp/packer-plugin-vagrant,3
hashicorp/packer-plugin-tencentcloud,3
hashicorp/packer-plugin-scaffolding,3
hashicorp/packer-plugin-openstack,3
hashicorp/packer-plugin-ncloud,3
dotnet/EntityFramework.Docs,3
bytedance/trae-agent,3
hashicorp/packer-plugin-docker,3
facebook/Haxl,3
apache/logging-flume,3
apache/nutch,3
apache/maven-release,3
apache/maven-enforcer,3
openai/openai-agents-python,3
nrwl/ts-bench-old,3
nrwl/nx-set-shas,3
GoogleCloudPlatform/genai-factory,3
square/squalor,3
square/papa,3
bytedance/gopkg,3
hashicorp/raft-autopilot,3
github/auto-complete-element,3
github/auto-check-element,3
github/audit-actions-workflow-runs,3
github/arianotify-polyfill,3
GoogleCloudPlatform/gcping,3
hashicorp/next-mdx-remote,3
square/mobile-payments-sdk-ios,3
GoogleCloudPlatform/grpc-gcp-php,3
square/cycler,3
aws/rolesanywhere-credential-helper,3
bytedance/a11y-cloud,3
GoogleCloudPlatform/genai-for-developers,3
NVIDIA/terraform-provider-mcahr,3
microsoft/ApplicationInsights-Kubernetes,3
microsoft/PowerBI-visuals-NetworkNavigator,3
Netflix/concurrency-limits,3
apple/swift-argument-parser,3
apple/pkl-intellij,3
apple/password-manager-resources,3
apple/embedding-atlas,3
NVIDIA/multi-storage-client,3
github/smimesign,3
aws/neptune-export,3
aws/language-server-runtimes,3
hashicorp/terraform-aws-hcp-consul,3
square/certstrap,3
square/cascade,3
GoogleCloudPlatform/opentelemetry-operations-collector,3
GoogleCloudPlatform/opdio,3
GoogleCloudPlatform/mqtt-broker-gcp-setup,3
GoogleCloudPlatform/ml-testing-accelerators,3
GoogleCloudPlatform/ml-auto-solutions,3
square/affected-paths,3
github/remote-form,3
facebookresearch/hydra,3
elastic/xk6-output-elasticsearch,3
apple/swift-distributed-actors,3
apple/swift-crypto,3
NVIDIA/NeMo-Skills,3
aws-samples/amazon-textract-response-parser,3
aws/nova-prompt-optimizer,3
google/uuid,3
spring-projects/spring-security-samples,3
GoogleCloudPlatform/pbmm-on-gcp-onboarding,3
GoogleCloudPlatform/otlp-k8s-ingest,3
google/oss-fuzz,3
google/oauth2l,3
NVIDIA/go-gpuallocator,3
NVIDIA/earth2studio,3
fossasia/badgemagic-go,3
github/multimap,3
Laravel/sail,3
NVIDIA/DALI,3
redis/Notifications,3
aws-samples/aws-reinvent-trivia-game,3
freeCodeCamp/crowdin-glossaries,3
freeCodeCamp/crowdin-action,3
aws/eks-pod-identity-agent,3
aws/eks-charts,3
aws/sagemaker-huggingface-inference-toolkit,3
aws/sagemaker-feature-store-spark,3
aws/porting-assistant-dotnet-datastore,3
elastic/synthetics-demo,3
aws-samples/amazon-location-detected-addresses-to-map,3
aws-samples/amazon-ecs-dotnet-app-graviton,3
huggingface/optimum-furiosa,3
aws-samples/aws-digital-content-creation-render-environment,3
Laravel/nova-dusk-suite,3
Laravel/helpers,3
facebookresearch/theseus,3
GoogleCloudPlatform/repo-automation-playground,3
GoogleCloudPlatform/terraform-ml-image-annotation-gcf,3
aws/aws-jupyter-proxy,3
aws/aws-nitro-enclaves-image-format,3
aws/aws-record-ruby,3
GoogleCloudPlatform/pubsub,3
spring-projects/spring-grpc,3
facebookresearch/spdl,3
aws-samples/amazon-rekognition-engagement-meter,3
aws-samples/amazon-rekognition-custom-labels-demo,3
huggingface/model-evaluator,3
huggingface/ml-for-3d-course,3
fossasia/eventyay-checkin,3
JetBrains/terraform-kubernetes-helm-charts,3
huggingface/collaborative-training-auth,3
aws-samples/aws-iot-smart-wastebin-solution,3
huggingface/hf-hub,3
Kubernetes/kubeadm,3
JetBrains/kotlin-web-site,3
rust-lang/fls,3
hashicorp/terraform-svchost,3
aws/aws-iot-device-sdk-cpp,3
aws/aws-iot-core-mqtt-file-streams-embedded-c,3
aws/aws-encryption-sdk-java,3
aws/aws-elastic-beanstalk-cli,3
aws/aws-ebpf-sdk-go,3
freeCodeCamp/awesome-quincy-larson-emails,3
GoogleCloudPlatform/scheduler-jupyter-plugin,3
GoogleCloudPlatform/scala-o11y-cui-showcase,3
JetBrains/resharper-unity,3
JetBrains/qodana-lsp,3
rust-lang/cfg-if,3
huggingface/deep-rl-class,3
aws-samples/s3pathlib-project,3
rust-lang/calendar,3
aws/aws-lambda-nodejs-runtime-interface-client,3
aws/aws-actionmailer-ses-ruby,3
hashicorp/vault-plugin-auth-cf,3
hashicorp/vault-plugin-auth-azure,3
hashicorp/vault-benchmark,3
aws/aws-dynamodb-encryption-java,3
rust-lang/this-week-in-rust,3
rust-lang/rustwide,3
rust-lang/infra-team,3
rust-lang/glob,3
JetBrains/intellij-ide-starter,3
huggingface/aisheets,3
aws/amazon-kinesis-streams-for-fluent-bit,3
aws/amazon-kinesis-firehose-for-fluent-bit,3
elastic/search-ui,3
elastic/search-application-client,3
aws/amazon-codeguru-profiler-python-agent,3
aws/amazon-cloudwatch-logs-for-fluent-bit,3
hashicorp/vault-plugin-secrets-azure,3
hashicorp/vault-plugin-auth-jwt,3
aws/amazon-vpc-cni-plugins,3
aws/amazon-states-language-service,3
aws/amazon-sagemaker-clarify,3
aws/amazon-neptune-jdbc-driver,3
aws/amazon-mwaa-docker-images,3
rust-lang/rustc-demangle,3
JetBrains/HotSpotCrashExaminerPlugin,3
GoogleCloudPlatform/vertex-ai-samples,3
hashicorp/vault-plugin-secrets-openldap,3
aws-samples/websocket-api-cognito-auth-sample,3
JetBrains/mcp-jetbrains,3
JetBrains/format-ripper,3
github/memoize,3
fossasia/open-event-frontend,3
aws/amazon-ecs-service-connect-agent,3
elastic/github-actions,3
GoogleCloudPlatform/auto-data-tokenize,3
vuejs/vue-jsx-vapor,3
vuejs/vue-jest,3
vercel/serve,3
vercel/ms,3
Azure/autorest.python,3
Azure/acr,2
vuejs/devtools-v6,2
vercel/remote-cache,2
vercel/sdk,2
vuejs/composition-api,2
vuejs/vuefire,2
vercel/uid-promise,2
hashicorp/consul-awsauth,2
twitter/bazel-multiversion,2
github/check-all,2
github/chatops-controller,2
twitter/twitter-cldr-rb,2
GoogleCloudPlatform/appengine-java-standard,2
GoogleCloudPlatform/alertmanager,2
mozilla/bugbot,2
mozilla/audio_thread_priority,2
mozilla/extension-workshop,2
mozilla/experimenter-docs,2
mozilla/perf-triage,2
TheAlgorithms/Algorithms-Explanation,2
mozilla/nunjucks,2
mozilla/nucleus,2
mozilla/mozmoderator,2
google/python_portpicker,2
aws/amazon-network-policy-controller-k8s,2
JetBrains/MPS-extensions,2
JetBrains/JetBrainsMono,2
GoogleCloudPlatform/zetasql-toolkit,2
elastic/rrule-es,2
hashicorp/vault-plugin-secrets-gcp,2
aws-samples/simple-websockets-chat-app,2
aws-samples/serverless-rust-demo,2
JetBrains/download-pgp-verifier,2
JetBrains/apple-notary-api-kotlin-client,2
github/models-ai-sdk,2
fossasia/open-event-server,2
fossasia/open-event-next,2
github/actions-oidc-gateway-example,2
github/actions-oidc-debugger,2
rust-lang/keyword-generics-initiative,2
GoogleCloudPlatform/traffic-director-grpc-bootstrap,2
rust-lang/rfcs,2
aws/aws-kotlin-repo-tools,2
aws/amazon-vpc-resource-controller-k8s,2
rust-lang/nomicon,2
GoogleCloudPlatform/synthetics-sdk-nodejs,2
shadowsocks/shadowsocks-crypto,2
rust-lang/thorin,2
rust-lang/gha-self-hosted,2
JetBrains/intellij-samples,2
JetBrains/profiler-api,2
huggingface/Microsoft-Azure,2
hashicorp/waypoint-template-go-protobuf-api,2
google/transit,2
google/seesaw,2
aws/aws-sdk-js,2
aws/aws-tools-for-powershell,2
hashicorp/vagrant-plugin-sdk,2
hashicorp/vagrant-guest-plugin-skeleton-ruby,2
aws/aws-imds-packet-analyzer,2
aws/aws-encryption-sdk-javascript,2
aws/aws-lambda-python-runtime-interface-client,2
JetBrains/qodana-sarif,2
elastic/security-documents-generator,2
huggingface/dell-ai,2
aws-samples/serverless-go-demo,2
aws-samples/serverless-account-signup-service,2
aws-samples/sample-python-helper-aws-appconfig,2
aws-samples/mlops-e2e,2
rust-lang/bors,2
github/image-crop-element,2
huggingface/gym-aloha,2
huggingface/mcp-course,2
huggingface/llm.nvim,2
huggingface/jat,2
huggingface/inference-playground,2
JetBrains/writerside-github-action,2
redis/redis-extra-ci,2
redis/redis-debian,2
huggingface/gym-xarm,2
huggingface/gym-pusht,2
aws-samples/aws-vpc-builder-cdk,2
Kubernetes/website,2
JetBrains/kotlinconf-app,2
JetBrains/kotlin-playground,2
rust-lang/crates-io-auth-action,2
rust-lang/compiler-team,2
pytorch/tlparse,2
NVIDIA/ais-etl,2
Laravel/mcp,2
redis/homebrew-redis,2
GoogleCloudPlatform/terraform-google-enterprise-application,2
GoogleCloudPlatform/terraform-genai-doc-summarization,2
aws/iot-atlas,2
aws/aws-lambda-runtime-interface-emulator,2
aws/aws-sam-cli-pipeline-init-templates,2
aws/aws-sdk-rails,2
GoogleCloudPlatform/reCAPTCHA-PLD,2
GoogleCloudPlatform/proto-gen-md-diagrams,2
GoogleCloudPlatform/prometheus-test-infra,2
facebookresearch/stopes,2
facebookresearch/shumai,2
facebookresearch/pyvrs,2
flutter/uxr,2
NVIDIA/MatX,2
NVIDIA/Imageinary,2
github/github-elements,2
github/github-ds,2
github/github-app-js-sample,2
github/git-sizer,2
elastic/mito,2
aws/eks-node-monitoring-agent,2
aws/dcv-access-console,2
aws/fmeval,2
aws/pgcollection,2
elastic/toutoumomoma,2
aws-samples/amazon-kinesis-video-streams-producer-embedded-c,2
aws-samples/amazon-kinesis-video-streams-demos,2
aws-samples/amazon-fsx-for-lustre-usage-metrics-to-amazon-cloudwatch,2
pytorch/ort,2
pytorch/expecttest,2
elastic/go-grok,2
google/vim-maktaba,2
elastic/oblt-google-secrets-buildkite-plugin,2
elastic/node-traceparent,2
freeCodeCamp/contribute,2
GoogleCloudPlatform/opentelemetry-operator-sample,2
GoogleCloudPlatform/opentelemetry-operations-java,2
spring-projects/spring-rewrite-commons,2
spring-projects/spring-retry,2
spring-projects/spring-petclinic,2
spring-projects/spring-integration-samples,2
apple/swift-openapi-urlsession,2
apple/swift-nio-transport-services,2
google/observable,2
apple/pir-service-example,2
openai/openai-go,2
NVIDIA/dcgm-exporter,2
github/scientist,2
elastic/logstash-kafka-iams-packages,2
hashicorp/terraform-docs-agents,2
square/bazel_maven_repository,2
GoogleCloudPlatform/netd,2
GoogleCloudPlatform/market-data-transcoder,2
facebookresearch/habitat-sim,2
apple/swift-nio-oblivious-http,2
apple/swift-nio-extras,2
apple/swift-metrics-extras,2
apple/swift-collections,2
NVIDIA/VisRTX,2
NVIDIA/NeMo-text-processing,2
NVIDIA/recsys-examples,2
NVIDIA/pyxis,2
microsoft/Application-Insights-Workbooks,2
microsoft/PowerBI-visuals-WordCloud,2
microsoft/PowerBI-visuals-Tornado,2
microsoft/PQCrypto-SIDH,2
apache/pdfbox,2
apple/axlearn,2
github/quote-selection,2
NVIDIA/physicsnemo-curator,2
NVIDIA/nautobot-app-fsus,2
aws-samples/amazon-codeguru-java-detectors,2
apache/synapse,2
apple/swift-cassandra-client,2
apple/swift-binary-parsing,2
apple/swift-async-dns-resolver,2
square/rbs_protobuf,2
bytedance/diat,2
GoogleCloudPlatform/google-cloud-ops-agents-chef,2
hashicorp/packer-plugin-yandex,2
spring-projects/spring-vault,2
spring-projects/spring-session-bom,2
square/logcat,2
square/in-app-payments-react-native-plugin,2
GoogleCloudPlatform/grpc-gcp-node,2
square/gradle-dependencies-sorter,2
hashicorp/setup-copywrite,2
bytedance/Protenix,2
square/cocoapods-generate,2
GoogleCloudPlatform/gke-mcp,2
NVIDIA/topograph,2
NVIDIA/spark-rapids-examples,2
hashicorp/packer-plugin-triton,2
hashicorp/packer-plugin-lxd,2
dotnet/Kerberos.NET,2
bytedance/web-bench,2
dotnet/templating,2
hashicorp/packer-plugin-lxc,2
hashicorp/packer-plugin-cloudstack,2
apache/xmlgraphics-fop,2
apache/xmlgraphics-batik,2
facebook/TestSlide,2
apache/maven-wagon,2
apache/maven-site,2
apache/maven-scm,2
apache/maven-plugin-testing,2
nodejs/postject,2
square/react-native-square-reader-sdk,2
facebookresearch/SONAR,2
microsoft/krabsetw,2
microsoft/java-debug,2
apache/cayenne,2
apache/couchdb-meck,2
apache/maven-doxia,2
microsoft/ctsTraffic,2
microsoft/azure-pipelines-tool-lib,2
apache/groovy-geb,2
microsoft/XamlBehaviors,2
google/j2objc,2
facebook/chef-utils,2
facebookresearch/OrienterNet,2
NVIDIA/vr-capture-replay,2
nrwl/nx-cloud-workflows,2
nrwl/ci-tools-playground,2
Netflix/spectator-py,2
github/text-expander-element,2
github/tab-container-element,2
hashicorp/nomad-pack-community-registry,2
hashicorp/nomad-driver-virt,2
dotnet/blazor-samples,2
dotnet/aspnet-api-versioning,2
hashicorp/nextjs-bundle-analysis,2
GoogleCloudPlatform/gke-networking-recipes,2
GoogleCloudPlatform/fluentbit-bigquery-writeapi-sink,2
GoogleCloudPlatform/fluent-plugin-google-cloud,2
github/forgoodfirstissue,2
freeCodeCamp/ghost-workaround-theme,2
freeCodeCamp/euler-rust,2
freeCodeCamp/email-automation,2
hashicorp/go-rootcerts,2
GoogleCloudPlatform/datacatalog-connectors-hive,2
GoogleCloudPlatform/config-validator,2
hashicorp/mog,2
hashicorp/mdns,2
hashicorp/jase,2
dotnet/docs-maui,2
dotnet/machinelearning,2
dotnet/extensions-samples,2
elastic/harp-plugins,2
elastic/go-ucfg,2
microsoft/etcd3,2
microsoft/powerbi-visuals-pulsechart,2
microsoft/powerbi-visuals-gantt,2
microsoft/powerbi-visuals-chord,2
microsoft/node-request-light,2
nodejs/nodejs-cve-checker,2
microsoft/react-native-windows,2
alibaba/hiactor,2
google/git-appraise-web,2
google/der-ascii,2
google/cctz,2
microsoft/powerbi-visuals-utils-colorutils,2
apache/airavata,2
mozilla/wagtail-localize-smartling,2
facebookresearch/DCPerf,2
nodejs/nan,2
PaddlePaddle/PaDiff,2
dotnet/runtime-assets,2
github/awesome-copilot,2
tensorflow/model-optimization,2
tensorflow/ecosystem,2
GoogleCloudPlatform/deploystack,2
elastic/go-seccomp-bpf,2
microsoft/uprove-csharp-sdk,2
alibaba/app-controller,2
alibaba/acqdp,2
mozilla/release-notes,2
nodejs/discord-status-worker,2
nodejs/core-validate-commit,2
Tencent/TencentKonaSMSuite,2
Tencent/Shadow,2
PaddlePaddle/VisualDL,2
Tencent/tdesign-flutter,2
Tencent/Youtu-agent,2
Tencent/TurboTransformers,2
Tencent/Tendis,2
alibaba/tidevice,2
microsoft/powerbi-visuals-sankey,2
Tencent/tdesign-vue-starter,2
mozilla/rust-components-swift,2
microsoft/vscode-cosmosdb,2
symfony/stimulus-bridge,2
symfony/monolog-bundle,2
GoogleCloudPlatform/cloud-run-mcp,2
GoogleCloudPlatform/bigquery-utils,2
GoogleCloudPlatform/cloud-spanner-samples,2
elastic/connectors,2
hashicorp/go-netaddrs,2
dotnet/xharness,2
dotnet/vscode-csharp,2
hashicorp/aws-service-catalog-engine-for-tfc,2
hashicorp/actions-validate-product-version,2
hashicorp/composite-action-framework-go,2
elastic/ems-client,2
elastic/go-lumber,2
elastic/cloud-on-k8s,2
elastic/die-rust,2
GoogleCloudPlatform/artifact-registry-go-tools,2
GoogleCloudPlatform/appengine-plugins,2
twitter/opensource-website,2
twitter/dict_minimize,2
microsoft/service-fabric-services-and-actors-dotnet,2
microsoft/service-fabric-aspnetcore,2
microsoft/vscode-textmate,2
microsoft/vscode-mono-debug,2
microsoft/vscode-java-debug,2
microsoft/vscode-generator-code,2
alibaba/Sentinel,2
alibaba/COLA,2
microsoft/vscode-extension-telemetry,2
elastic/ems-file-service,2
Azure/autorest.csharp,2
Azure/iotedgedev,2
Azure/fluent-plugin-snmptrapalert,2
vercel/flags,2
vercel/ai-chatbot-svelte,2
facebook/netconsd,2
facebook/idb,2
facebook/taste-tester,2
mozilla/addons-frontend,2
facebook/starlark-rust,2
mozilla/dennis,2
Azure/azure-relay-dotnet,2
hashicorp/ember-cli-api-double,2
elastic/eland,2
hashicorp/consul-net-rpc,2
github/details-menu-element,2
github/custom-element-boilerplate,2
vercel/mcp-adapter,2
Azure/terraform-azurerm-network,2
Azure/azure-openapi-validator,2
Azure/azure-iot-sdk-java,2
vercel/serve-handler,2
vuejs/theme,2
Azure/AppConfiguration-DotnetProvider,2
mozilla/django-csp,2
mozilla/discourse.mozilla.org,2
airbnb/streamalert,2
airbnb/react-with-styles,2
google/binexport,2
github/combobox-nav,2
elastic/elasticsearch-js-mock,2
Azure/autorest.powershell,1
Azure/openapi-diff,1
Azure/iot,1
github/KustoSchemaToolsAction,1
github/empty-repos,1
github/dotnet-codespaces,1
github/depstubber,1
Azure/azure-relay-aspnetserver,1
Azure/azure-iot-sdk-node,1
Azure/azure-iot-sdk-c,1
Azure/azure-functions-tooling-feed,1
Azure/azure-functions-python-library,1
Azure/azure-functions-host,1
Azure/azure-diskinspect-service,1
elastic/elasticsearch-perl,1
elastic/elasticsearch-rs,1
elastic/elasticsearch-serverless-python,1
github/copilot-survey-engine,1
GoogleCloudPlatform/bigquery-dlp-remote-function,1
GoogleCloudPlatform/aether,1
GoogleCloudPlatform/agentcommunication_client,1
twitter/twurl,1
vercel/ai-action,1
vercel/ai-chatbot,1
github/browser-support,1
hashicorp/consul-cluster-peering-setup-module,1
elastic/elasticsearch-dsl-ruby,1
elastic/elasticsearch-hadoop,1
elastic/elastic-agent-client,1
elastic/elastic-integration-corpus-generator-tool,1
mozilla/cubeb-pulse-rs,1
microsoft/vscode-emmet-helper,1
microsoft/vscode-extension-samples,1
mozilla/fix-stacks,1
mozilla/fxa-cms-l10n,1
mozilla/glean,1
mozilla/helm-charts,1
TheAlgorithms/Scala,1
TheAlgorithms/TypeScript,1
TheAlgorithms/Zig,1
airbnb/AirMapView,1
airbnb/RxGroups,1
facebook/react-strict-dom,1
mozilla/dogear,1
mozilla/ecosystem-platform,1
airbnb/babel-plugin-inline-react-svg,1
microsoft/vscode-html-languageservice,1
microsoft/vscode-json-languageservice,1
microsoft/vscode-mock-debug,1
microsoft/vstest,1
mozilla/network-pulse-api,1
Tencent/yadcc,1
TheAlgorithms/F-Sharp,1
TheAlgorithms/Jupyter,1
TheAlgorithms/PHP,1
mozilla/passwordmgr-remote-settings-updater,1
mozilla/performance-data,1
mozilla/audio-mixer,1
mozilla/bugbug,1
mozilla/bugdash,1
mozilla/cicd-demos,1
mozilla/companion,1
microsoft/vscode-css-languageservice,1
facebook/fbjs,1
mozilla/release-notes-media,1
mozilla/remote-settings-ondemand-crashes,1
mozilla/rise25,1
Tencent/tmagic-editor,1
Tencent/wujie,1
mozilla/rust-parsepatch,1
mozilla/silme,1
mozilla/source-map,1
mozilla/ssl-config-generator,1
mozilla/limelight,1
mozilla/mofo-redirector,1
airbnb/ts-migrate,1
alibaba/QLExpress,1
alibaba/ROLL,1
microsoft/node-jsonc-parser,1
google/cronutils,1
alibaba/graph-learn,1
alibaba/hessian2-codec,1
microsoft/pxt-ev3,1
Tencent/TencentPretrain,1
Tencent/QT4A,1
nodejs/collaborators-public-votes,1
nodejs/devcontainer,1
mozilla/pyo3-parsepatch,1
microsoft/tfs-cli,1
alibaba/alist,1
alibaba/bytekit,1
alibaba/canal,1
alibaba/cloudapp-framework,1
microsoft/vscode-azureappservice,1
microsoft/powerbi-visuals-bulletchart,1
microsoft/powerbi-visuals-heatmap,1
microsoft/powerbi-visuals-mekkochart,1
nodejs/github-bot,1
nodejs/llparse,1
nodejs/node-api-headers,1
facebookresearch/FLSim,1
mozilla/wpt-sync,1
alibaba/x-render,1
alibaba/spatial-data-vis-framework,1
microsoft/powerbi-visuals-timeline,1
facebook/facebook-java-business-sdk,1
facebook/facebook-nodejs-business-sdk,1
facebook/facebook-php-business-sdk,1
facebook/facebook-ruby-business-sdk,1
microsoft/node-diagnostic-channel,1
apache/cordova-plugin-geolocation,1
apache/couchdb-jiffy,1
apache/cordova-plugin-camera,1
microsoft/jschema,1
facebook/bookworm,1
facebookresearch/clusterscope,1
github/template-parts,1
github/user-engagement-metrics,1
Netflix/ndbench,1
Netflix/repokid,1
Netflix/user2020-metaflow-tutorial,1
PaddlePaddle/GraphNet,1
PaddlePaddle/PARL,1
microsoft/ntttcp-for-linux,1
microsoft/o365-moodle,1
microsoft/perfview,1
apache/maven-jxr,1
apache/mina,1
apache/knox,1
facebook/PathPicker,1
nodejs/release-keys,1
Netflix/dgs-examples-kotlin-2.7,1
nrwl/nx-recipes,1
Netflix/EVCache,1
facebookresearch/Kats,1
google/gps-measurement-tools,1
elastic/start-local,1
microsoft/VSProjectSystem,1
microsoft/azure-maven-plugins,1
microsoft/azure-pipelines-extensions,1
microsoft/PowerBI-visuals-sampleBarChart,1
microsoft/fsharplu,1
Netflix/bettertls,1
microsoft/DevSkim,1
apache/openjpa,1
apache/openwebbeans,1
microsoft/MSBuildLocator,1
microsoft/OMS-Auditd-Plugin,1
microsoft/PowerBI-visuals-AsterPlot,1
microsoft/PowerBI-visuals-ForceGraph,1
microsoft/PowerBI-visuals-RadarChart,1
Netflix/dgs-examples-java-2.7,1
NVIDIA/skyhook-packages,1
NVIDIA/spark-rapids-benchmarks,1
openai/harmony,1
openai/main-branch-check-action,1
openai/openai-cookbook,1
nodejs/nodejs-latest-linker,1
microsoft/ConcordExtensibilitySamples,1
apple/swift-algorithms,1
apache/tapestry-5,1
apache/trafficserver,1
apple/swift-system,1
NVIDIA/nim-anywhere,1
NVIDIA/nvkind,1
NVIDIA/nvnmos,1
NVIDIA/nvrc,1
NVIDIA/physicsnemo-sym,1
openai/preparedness,1
openai/tiktoken,1
ossu/precollege-math,1
NVIDIA/jaxpp,1
github/platform-samples,1
github/proto-gen-go,1
huggingface/test_gh_secret,1
apple/swift-distributed-tracing,1
apple/swift-homomorphic-encryption-protobuf,1
apple/swift-http-types,1
microsoft/AL,1
microsoft/AdaptiveCards,1
elastic/workplace-search-python,1
facebookresearch/gni,1
facebookresearch/hot3d,1
github/session-resume,1
github/spec-kit,1
NVIDIA/k8s-cc-manager,1
NVIDIA/libnvme,1
NVIDIA/makani,1
NVIDIA/cutlass,1
microsoft/BotBuilder-Samples,1
aws-samples/amazon-qldb-dmv-sample-java,1
aws-samples/amazon-rds-proxy-multitenant-load-test,1
aws-samples/aws-cdk-eks-fluxv2-example,1
NVIDIA/grace-cpu-benchmarking-guide,1
NVIDIA/grove,1
pytorch/hub,1
NVIDIA/ansible-role-nvidia-driver,1
NVIDIA/clara-pipeline-operator-sizing-tool,1
NVIDIA/cuCollections,1
NVIDIA/Megatron-LM,1
NVIDIA/NeMo-Framework-Launcher,1
NVIDIA/TensorRT,1
facebookresearch/exca,1
facebookresearch/fairo,1
huggingface/responses.js,1
huggingface/smol-course,1
aws-samples/amazon-codeguru-python-detectors,1
elastic/testcli,1
aws-samples/aws-modernization-with-hashicorp-terraform,1
Laravel/nova-issues,1
Laravel/sail-server,1
redis/docker-library-redis,1
redis/hiredis-rb,1
flutter/demos,1
fossasia/badgemagic-rs,1
google/leveldb,1
google/logger,1
google/material-design-icons,1
google/perf_data_converter,1
elastic/package-registry,1
aws-samples/amazon-lookout-for-vision-batch-processing,1
aws-samples/amazon-qldb-dmv-sample-dotnet,1
facebookresearch/matrix,1
aws-samples/aws-sam-github-actions-example,1
aws-samples/aws-sdk-prom-metrics,1
aws-samples/aws-serverless-video-streaming,1
aws-samples/aws-tf-efs,1
aws-samples/amazon-rekognition-custom-labels-batch-processing,1
aws-samples/amazon-s3-object-lambda-default-configuration,1
aws-samples/aws-tf-kms,1
facebookresearch/nevergrad,1
facebookresearch/param,1
facebookresearch/partnr-planner,1
Laravel/envoy,1
Laravel/livewire-starter-kit,1
aws-samples/aws-codedeploy-github-actions-deployment,1
aws-samples/aws-codeguru-reviewer-cicd-cdk-sample,1
huggingface/pyspark_huggingface,1
huggingface/huggingface_sb3,1
aws-samples/aws-dms-sql-server,1
aws-samples/aws-greengrass-mini-fulfillment,1
aws-samples/aws-lambda-url-apigateway-cfn,1
aws-samples/aws-modernization-with-bridgecrew,1
aws-samples/distributed-load-testing-with-locust-on-ecs,1
Laravel/blank-vue-starter-kit,1
redis/redis-om-dotnet,1
JetBrains/terraform-aws-kubernetes,1
JetBrains/xodus,1
JetBrains/youtrack-scripting,1
rust-lang/api-guidelines,1
rust-lang/ar_archive_writer,1
rust-lang/areweasyncyet.rs,1
rust-lang/async-book,1
rust-lang/aws-runners-test,1
aws-samples/react-cors-spa,1
aws-samples/sagemaker-studio-emr,1
aws-samples/sam-python-crud-sample,1
huggingface/data-is-better-together,1
huggingface/dell-helm-chart,1
huggingface/finetrainers,1
huggingface/fuego,1
elastic/securitylabs-thrunting-tools,1
rust-lang/const-eval,1
rust-lang/crates_io_og_image,1
rust-lang/edition-guide,1
rust-lang/getopts,1
aws-samples/bobs-used-bookstore-sample,1
aws-samples/cdk-alexa-skill,1
huggingface/helm-common,1
huggingface/hf-nix,1
elastic/semantic-kernel-net,1
elastic/observability-examples,1
google/re2j,1
google/sagetv,1
google/snappy,1
hashicorp/vscode-sentinel,1
huggingface/ai-deadlines,1
huggingface/alignment-handbook,1
aws/amazon-inspector-container-image-scanner-jenkins-plugin,1
aws/amazon-inspector-container-image-scanner-teamcity-plugin,1
JetBrains/profiler-self-api,1
JetBrains/ideolog,1
JetBrains/intellij-arend,1
JetBrains/jvm-native-trusted-roots,1
rust-lang/homu,1
rust-lang/josh-sync,1
aws/amazon-eks-pod-identity-webhook,1
hashicorp/vagrant-spec,1
aws/aws-codedeploy-agent,1
fossasia/pslab-mini-hardware,1
github/markdown-toolbar-element,1
rust-lang/lang-team,1
JetBrains/angle-pack,1
JetBrains/arend-lib,1
JetBrains/azure-appservice-tunnel,1
JetBrains/lets-plot-kotlin,1
aws-samples/serverless-kafka-producer,1
aws/amazon-chime-sdk-android,1
aws/amazon-chime-sdk-ios,1
elastic/package-spec,1
elastic/request-crypto,1
elastic/security-docs,1
hashicorp/vault-client-typescript,1
hashicorp/vault-plugin-auth-centrify,1
aws/aws-actiondispatch-dynamodb-ruby,1
aws/aws-actionmailbox-ses-ruby,1
aws/aws-activejob-sqs-ruby,1
aws/amazon-ivs-react-native-player,1
rust-lang/polonius,1
rust-lang/project-group-template,1
GoogleCloudPlatform/workloadagentplatform,1
JetBrains/ForTea,1
JetBrains/JetBrainsRuntimeApi,1
rust-lang/rustc-pr-tracking,1
fossasia/eventyay-talk-video,1
fossasia/open-event-checkin,1
aws/amazon-neptune-for-graphql,1
aws/amazon-q-eclipse,1
rust-lang/rustdoc-types,1
aws/aws-iot-device-embedded-c-sdk-for-zephyr,1
hashicorp/tfc-getting-started,1
hashicorp/tfc-workflows-gitlab,1
rust-lang/rustlings,1
rust-lang/thanks,1
rust-lang/triagebot,1
rust-lang/unsafe-code-guidelines,1
rust-lang/wg-async,1
rust-lang/www.rust-lang.org,1
GoogleCloudPlatform/sql-server-agent,1
GoogleCloudPlatform/terraform-dynamic-javascript-webapp,1
GoogleCloudPlatform/terraform-ecommerce-microservices-on-gke,1
JetBrains/habitat-detector,1
aws/aws-connected-device-framework,1
aws/aws-dotnet-session-provider,1
hashicorp/terraform-provider-fakewebservices,1
aws/aws-php-sns-message-validator,1
aws/aws-record-rails,1
aws/aws-msk-iam-sasl-signer-python,1
aws/aws-nitro-enclaves-nsm-api,1
aws/aws-nitro-enclaves-sdk-bootstrap,1
aws/aws-iot-fleetwise-edge,1
aws/http-desync-guardian,1
GoogleCloudPlatform/terraform-google-cloudsqlnetworking,1
GoogleCloudPlatform/terraform-google-secure-cicd,1
GoogleCloudPlatform/repository-gardener,1
GoogleCloudPlatform/sample-repo-template,1
GoogleCloudPlatform/software-delivery-shield-demo-java,1
spring-projects/spring-data-build,1
spring-projects/spring-data-r2dbc,1
rust-lang/rustc_codegen_c,1
aws/credentials-fetcher,1
aws/deep-learning-containers,1
aws/dotnet,1
aws/eks-distro-prow-jobs,1
aws/eks-news,1
aws/awsui-documentation,1
aws/common-io-basic,1
aws/aws-sessionstore-dynamodb-ruby,1
aws/aws-toolkit-common,1
elastic/micro-jq,1
freeCodeCamp/crowdin-config,1
freeCodeCamp/daily-challenges,1
spring-projects/spring-guice,1
GoogleCloudPlatform/terraform-example-deploy-java-gke,1
GoogleCloudPlatform/terraform-example-deploy-java-multizone,1
aws/aws-secretsmanager-caching-go,1
elastic/mcp-server-elasticsearch,1
elastic/metricsgenreceiver,1
bytedance/ns-x,1
aws/selective-search-with-mutual-information-cotraining,1
GoogleCloudPlatform/reliable-app-platforms,1
spring-projects/spring-lifecycle-smoke-tests,1
GoogleCloudPlatform/opentelemetry-operations-e2e-testing,1
GoogleCloudPlatform/opentelemetry-operations-ruby,1
GoogleCloudPlatform/platform-engineering,1
freeCodeCamp/cdn,1
elastic/oblt-aws-auth-buildkite-plugin,1
google/vim-glaive,1
google/winops,1
aws/personalize-kafka-connector,1
aws/homebrew-tap,1
aws/iot-expresslink-plant-reference,1
GoogleCloudPlatform/kms-solutions,1
GoogleCloudPlatform/kubeflow-gke-docs,1
square/invert,1
square/maven-archeologist,1
spring-projects/spring-webflow,1
square/FetchRequests,1
GoogleCloudPlatform/observability-and-security-operations-solution,1
GoogleCloudPlatform/recaptcha-enterprise-flutter,1
GoogleCloudPlatform/reg-reporting-blueprint,1
hashicorp/terraform-azurerm-hcp-consul,1
hashicorp/terraform-docs-common,1
hashicorp/terraform-dynamic-credentials-setup-examples,1
hashicorp/terraform-enterprise-helm,1
aws/lightsailctl,1
elastic/kibana-buildkite-library,1
elastic/kibana-release-notes,1
square/cloud-workstation,1
aws/universal-test-runner,1
bytedance/DCFrame,1
bytedance/InfiniStore,1
bytedance/bitsail,1
bytedance/byteirWeb,1
hashicorp/remark-plugins,1
hashicorp/setup-hc-releases,1
aws/porting-assistant-dotnet-ui,1
aws/porting-assistant-dotnet-visual-studio-ide-extension,1
aws/s2n-netbench,1
hashicorp/policy-library-aws-networking-terraform,1
hashicorp/policy-library-azure-compute-terraform,1
square/debug_socket,1
square/ember-square-payment-form,1
GoogleCloudPlatform/java-repo-tools,1
hashicorp/policy-library-gcp-databases-terraform,1
hashicorp/policy-library-gcp-networking-terraform,1
hashicorp/policy-library-gcp-storage-terraform,1
hashicorp/raft-boltdb,1
bytedance/dddfirework,1
bytedance/mockey,1
bytedance/netobs,1
bytedance/sonic-cpp,1
bytedance/terarkdb,1
square/password-rotation-lambda,1
square/phrase,1
square/pydocker,1
square/rails-auth,1
square/sqldelight_bazel_rules,1
GoogleCloudPlatform/gke-fleet-management,1
GoogleCloudPlatform/gke-ip-address-management,1
hashicorp/policy-library-FSBP-Policy-Set-for-AWS-Terraform,1
hashicorp/netlify-to-nextjs-redirect-exporter,1
GoogleCloudPlatform/grpc-gcp-cpp,1
GoogleCloudPlatform/gce-license-tracker,1
GoogleCloudPlatform/gce-rescue,1
GoogleCloudPlatform/gcs-fuse-csi-driver,1
GoogleCloudPlatform/gemini-cloud-assist-mcp,1
square/sudo_pair,1
symfony/ai-bundle,1
symfony/ai-demo,1
square/mobile-payments-sdk-react-native,1
square/okhttp-icu,1
hashicorp/policy-library-azure-databases-terraform,1
hashicorp/policy-library-azure-networking-terraform,1
hashicorp/policy-library-azure-storage-terraform,1
hashicorp/policy-library-gcp-compute-terraform,1
dotnet/diagnostics,1
dotnet/dotnet-buildtools-prereqs-docker,1
hashicorp/net-rpc-msgpackrpc,1
freeCodeCamp/exam-creator,1
freeCodeCamp/forum-theme,1
github/freno-client,1
github/gh-mysql-conf-diff,1
GoogleCloudPlatform/docker-ci-helper,1
GoogleCloudPlatform/evalbench,1
GoogleCloudPlatform/fluent-plugin-detect-exceptions,1
GoogleCloudPlatform/gke-poc-toolkit,1
dotnet/Scaffolding,1
dotnet/android,1
bytedance/nxt_unit,1
bytedance/rspress-website-template,1
dotnet/source-indexer,1
GoogleCloudPlatform/cloud-logging-data-source-plugin,1
GoogleCloudPlatform/cloud-opensource-java,1
tensorflow/serving,1
twbs/bootstrap-rubygem,1
symfony/mcp-bundle,1
GoogleCloudPlatform/cpp-samples,1
GoogleCloudPlatform/dagify,1
tensorflow/fairness-indicators,1
tensorflow/model-analysis,1
github/balanced-employee-ip-agreement,1
hashicorp/go-uuid,1
dotnet/razor,1
dotnet/roslyn-sdk,1
dotnet/source-build-externals,1
dotnet/source-build-reference-packages,1
dotnet/intro-to-dotnet-web-dev,1
hashicorp/go-envparse,1
hashicorp/actions-persist-metadata,1
hashicorp/actions-set-product-version,1
hashicorp/awesome-terraform-enterprise,1
hashicorp/aws-cloudformation-resource-schema-sdk-go,1
dotnet/vscode-dotnet-runtime,1
dotnet/wpf,1
dotnet/wpf-test,1
dotnet/yarp,1
elastic/curator,1
GoogleCloudPlatform/cloud-run-proxy,1
GoogleCloudPlatform/cloud-solutions,1
GoogleCloudPlatform/cloud-sql-iam-db-authn-groups,1
GoogleCloudPlatform/bigquery-etl-dataflow-sample,1
GoogleCloudPlatform/blueprints,1
GoogleCloudPlatform/bq-backup-manager,1
elastic/dorothy,1
elastic/ebt,1
elastic/ecs-logging,1
hashicorp/field-demo-terraform-build-your-own-provider,1
twitter/communitynotes,1
twitter/focus,1
GoogleCloudPlatform/appengine-php-sdk,1
GoogleCloudPlatform/appengine-python-standard,1
GoogleCloudPlatform/appengine-sidecars-docker,1
GoogleCloudPlatform/architecture-center-samples,1
GoogleCloudPlatform/artifact-registry-maven-tools,1
GoogleCloudPlatform/artifact-registry-python-tools,1
tensorflow/recommenders,1
tensorflow/rust,1
elastic/data-extraction-service,1
elastic/docker-attestation-demo,1
vuejs/tsconfig,1
vuejs/vuepress,1
vercel/micro,1
vercel/repository-dispatch,1
vuejs/awesome-vue,1
vuejs/create-eslint-config,1
vuejs/vue-loader,1
Azure/autorest.go,1
GoogleCloudPlatform/bigquery-antipattern-recognition,1
vercel/speed-insights,1
vercel/title,1
hashicorp/backport-dummy,1
hashicorp/broken-link-checker,1
elastic/faker-datasets,1
elastic/fleet-winlog-7x-policies,1
elastic/go-freelru,1
airbnb/epoxy,1
airbnb/eslint-plugin-miniprogram,1
airbnb/lottie-spm,1
airbnb/mavericks,1
golang/protobuf,1
google/Accessibility-Test-Framework-for-Android,1
google/CausalImpact,1
mozilla/agithub,1
facebookresearch/AnimatedDrawings,1
facebook/jsx,1
facebook/ocaml-scripts,1
google/autofdo,1
google/badwolf,1
airbnb/omniduct,1
airbnb/swift,1
vuejs/docs,1
